id, Start Time, End Time, Notes, Approximate Duration (Minutes)
1300,07:18:54 11-28-2016,,,12
1299,19:12:01 11-27-2016,06:30:26 11-28-2016,Dad. 12 minutes. New sleep sack. Had freak out during bouncing. Lots of crying. Held upright and bounced to calm her. Calmed enough to use soother. Quiet in arms but still sobbing a little. Put her down and realized she was pretty much sleeping. Took out soother and she stayed sleeping.,678
1298,14:53:15 11-27-2016,16:52:57 11-27-2016,Mom. Swing. Tried 3 PUPDs in the crib. Crying and not finding thumb. After 20 minutes switched to swing and she was out in 10.,119
1297,11:49:31 11-27-2016,13:01:31 11-27-2016,Dad. 22 minutes. Spent the first half crying and chewing on anything near her mouth (her hands  my fingers  soother). Eventually settled down but spent 10 minutes making squeaking noises before she fell asleep with thumb.,72
1296,09:06:31 11-27-2016,09:54:55 11-27-2016,Mom. Crib. 5 minutes. Played with blanket a little before finding thumb.,48
1295,06:51:27 11-27-2016,07:53:16 11-27-2016,,61
1294,19:33:43 11-26-2016,06:24:21 11-27-2016,Dad. Bounced with soother until calm. Tried putting down in crib  but she started screaming again. Repeated bouncing with soother until she fell asleep. She lost the soother and I put her down very carefully.,650
1293,18:31:50 11-26-2016,19:23:44 11-26-2016,Mom. Crib. 7 minutes. First out down she cried and wouldn't find thumb. Picked her back up with soother. Next put down she find her thumb easily and went to sleep.  7:15 making noises. Fell back asleep. Woke up 8 minutes later screaming.,51
1291,14:53:38 11-26-2016,15:14:45 11-26-2016,Dad Ergo carrier,21
1290,11:30:33 11-26-2016,13:19:46 11-26-2016,Dad. 30 minutes. Gave up on crib after 30 minutes and put her in the swing.,109
1289,10:29:44 11-26-2016,10:40:22 11-26-2016,Dad. 5 minutes. fell asleep on her own. Put her down and hid out of sight. She squirmed  rubbed her face  played with blanket  and sucked on thumb. Eventually fell asleep.,10
1288,07:43:33 11-26-2016,09:06:41 11-26-2016,Dad. 1 minute.,83
1287,20:36:38 11-25-2016,06:35:23 11-26-2016,Mom. Crying hard. Picked her up  settled her with soother. Put her down. Squirmed for a few minutes.  Woke up at 4:45  made noises for a minute. Fell asleep by herself.  Woke at 6:15  almost fell back asleep. At 6:30 she was making some noises and lying awake in bed.,598
1286,19:34:17 11-25-2016,20:24:29 11-25-2016,Dad. 30 minutes. Went down nicely without a soother. But couldn't fall asleep. Got frustrated. Tried finger and soother. After 10 minutes she was crying. Picked her up  cried some more  out her down  still couldn't fall asleep. Picked her up and bojnced her upright while humming and with soother for 10 minutes. Calmed down. Put her down. Pulled out soother after a few minutes. Left room with her sucking on thumb.  Woke crying.,50
1285,15:05:47 11-25-2016,17:07:24 11-25-2016,Mom. Swing. Tried to start nap time an hour ago. Three failed crib put downs  soother  my finger  a 15 minutes break in the living room. Finally she settled in the swing.,121
1284,11:50:33 11-25-2016,12:41:37 11-25-2016,Mom. Crib. 7 minutes.,51
1283,08:38:19 11-25-2016,10:09:57 11-25-2016,Mom. Crib. 10 minutes. Hiccups.,91
1282,19:12:59 11-24-2016,07:08:49 11-25-2016,Mom. Crib. 5 minutes.  Made noises at 6 am but fell back asleep.,715
1281,14:49:19 11-24-2016,16:43:14 11-24-2016,Mom. Crib. 5 minutes. Woke up 3 times  let out a few cried and went back to sleep. Woke up crying.,113
1280,12:35:49 11-24-2016,13:12:40 11-24-2016,Mom. Crib. 7 minutes. Was crying do had to give her my finger fit a bit. Woke up crying.,36
1279,08:32:26 11-24-2016,11:07:36 11-24-2016,Dad. 7 minutes. Rocked and bounced for a minute before putting down. Spent time chewing on blanket and sucking on my finger before she found her thumb. Woke up twice chatting before she was up for good.,155
1278,07:14:18 11-24-2016,07:35:02 11-24-2016,Mom. Crib. 10 minutes. Possibly not really sleeping.,20
1277,18:54:07 11-23-2016,06:50:25 11-24-2016,Dad. 4 minutes. Rocked for a few minutes with soother in. Put down and removed soother. Immediately put thumb in and fell asleep.,716
1276,15:00:26 11-23-2016,16:00:17 11-23-2016,Mom. Crib. 10 minutes.,59
1275,12:51:59 11-23-2016,13:33:52 11-23-2016,Mom. Crib. Fell asleep on boob.,41
1274,08:21:10 11-23-2016,09:20:23 11-23-2016,Dad. 15 minutes to fall asleep. Rocked for 1 minute and then put down. Alternated between sucking on blanket  rubbing her face and sucking on her thumb. Too a long time to fall asleep. No soother.  Woke happy.,59
1273,19:14:14 11-22-2016,06:50:19 11-23-2016,Mom. Crib. 5 minutes.,696
1272,15:35:15 11-22-2016,17:14:06 11-22-2016,Mom. Swing. 15 minutes. Woke her up  she was happy but hungry.,98
1271,13:41:56 11-22-2016,14:29:11 11-22-2016,Mom. Crib. 10 minutes. Woke up crying.,47
1270,11:47:31 11-22-2016,12:20:35 11-22-2016,Mom. Crib. 10 minutes. Woke up crying.,33
1269,08:58:03 11-22-2016,09:55:29 11-22-2016,Mom. Crib. 7 minutes. Woke up talking.,57
1268,18:41:49 11-21-2016,07:41:12 11-22-2016,Dad - 7 min easy. No soother. Bounced and rocked and out down drowsy. Found her thumb right away. Almost fell asleep and then started screaming. 20 seconds of crying  followed by thumb  more crying  thumb  and sleep.  Woke up happy and talking.,779
1266,13:10:23 11-21-2016,15:36:27 11-21-2016,Mom. Tried for 15 minutes in crib with soother. Then put her in swing with mobile on. Took about 15 minutes for her to fall asleep.,146
1265,11:02:07 11-21-2016,11:25:39 11-21-2016,Mom. Crib. 5 minutes.,23
1264,08:35:02 11-21-2016,09:27:26 11-21-2016,Dad. 13 minutes. Rocked for 2 minutes and put into crib drowsy. Spent the next 10 minutes alternating between the soother and chewing on her bunny. Eventually found thumb and fell asleep.,52
1263,19:43:32 11-20-2016,07:21:03 11-21-2016,Dad. 2 PUPDs. Almost fell asleep in arms.  6:45 am - making noises but fell back asleep.,697
1262,19:12:51 11-20-2016,19:31:24 11-20-2016,Mom. 1 PUPD.,18
1261,18:37:24 11-20-2016,19:04:53 11-20-2016,Mom. Crib. 7 minutes. Hiccups.,27
1260,16:04:48 11-20-2016,16:36:13 11-20-2016,Mom. 15 minutes. Rocked and sang with soother. In crib she sucked on my finger. On the third pull out she was very very sleepy and found her thumb.,31
1259,13:21:05 11-20-2016,13:52:13 11-20-2016,Mom. Swing. Soother. Mobile.,31
1258,09:32:20 11-20-2016,11:05:08 11-20-2016,Mom. Crib. 10 minutes  distracted by blanket.,92
1257,06:23:07 11-20-2016,08:07:29 11-20-2016,,104
1256,18:45:29 11-19-2016,05:57:52 11-20-2016,Dad 2 minutes. Bounced for a minute and then out down. She found her thumb and fell asleep quickly.,672
1255,15:33:55 11-19-2016,16:00:53 11-19-2016,Dad. Ergo. Food court.,26
1254,12:30:39 11-19-2016,13:40:07 11-19-2016,Dad. 15 min. Really didn't want to sleep. Tried PUPD. Eventually went and sat where she couldn't see me and waited until she fell asleep (only a few minutes).,69
1253,09:09:41 11-19-2016,10:53:18 11-19-2016,Dad. Placed in crib awake but with thumb in mouth. Was hoping she would fall asleep on her own but she slowly got more frustrated. Have her my finger to suck on for 30 seconds. Calmed her. Found her thumb after I removed my finger and fell asleep.,103
1252,05:52:43 11-19-2016,07:40:13 11-19-2016,,107
1251,19:20:40 11-18-2016,05:31:43 11-19-2016,Mom. Crib. 5 minutes.,611
1250,16:41:04 11-18-2016,17:14:30 11-18-2016,Mom. Crib. 10 minutes.,33
1249,14:15:40 11-18-2016,15:00:40 11-18-2016,Mom. Grans' bed. 5 minutes.,45
1248,12:22:46 11-18-2016,12:52:46 11-18-2016,Mom. Grans' bed. Took 20 minutes to settle. Soother.,30
1247,09:05:00 11-18-2016,10:34:40 11-18-2016,Mom. Crib. 5 minutes.,89
1246,05:35:23 11-18-2016,07:40:13 11-18-2016,,124
1245,19:15:56 11-17-2016,05:13:03 11-18-2016,Dad. Less than 5 minutes. No soother. Rocked for 1 minute. Found thumb. Put down. Squirmed for a few minutes but eventually settled. Left room before fully asleep.  Made noises at 8:30 but fell back asleep on her own.,597
1244,16:17:17 11-17-2016,16:58:35 11-17-2016,Mom. Crib. 10 minutes took a bit too fall asleep.,41
1243,13:17:24 11-17-2016,14:38:05 11-17-2016,Mom. Swing. Tried for 30 minutes in the crib with 1 pu/pd  soother  my finger. Another 10 minutes to fall asleep in crib.,80
1242,08:53:45 11-17-2016,11:13:49 11-17-2016,Mom. Crib. 10-15 minutes bc hiccups.,140
1241,19:46:30 11-16-2016,07:31:22 11-17-2016,Dad. 10 min.  Baby woke crying. Tried to soothe in crib. Had to pick up. Cried for 2 minutes before settling and I could use soother. Rocked until slightly drowsy. Put down. Squirmed and chewed on soother so I took it away. Protested a bit but found thumb. Still a bit of wiggling before settling. Left room before fully asleep.  Made noises at 6 am but fell back asleep in her own.,704
1240,18:58:01 11-16-2016,19:36:44 11-16-2016,Mom. Crib. 5 minutes.,38
1239,15:15:10 11-16-2016,16:11:39 11-16-2016,Mom. Crib. 5 minutes.,56
1238,12:42:44 11-16-2016,13:38:25 11-16-2016,Mom. Crib. 7 minutes.,55
1237,09:06:56 11-16-2016,10:57:57 11-16-2016,Mom. Crib. 5 minutes. Cried until find thumb.,111
1236,18:46:44 11-15-2016,07:42:11 11-16-2016,Dad. Less than 5 min. Rocked her less than usual. Put down pretty awake with soother. Spit out and found thumb. Was more squirmy and needed soother one more time but fell asleep on her own with thumb.  Made noises at 2 am but fell back asleep on her own.,775
1235,15:08:42 11-15-2016,16:01:05 11-15-2016,Mom. Crib. 5 minutes.,52
1234,13:05:24 11-15-2016,13:38:28 11-15-2016,Mom. Crib. 10 minutes to settle quietly.,33
1233,09:18:24 11-15-2016,11:03:01 11-15-2016,Mom. Crib. Took about 10 minutes. Was busy sucking on lovey and blanket.,104
1232,19:46:02 11-14-2016,08:01:41 11-15-2016,Dad. Pick up  soother  rocking  put down. Soother still in.,735
1231,18:49:17 11-14-2016,19:41:15 11-14-2016,Mom. Crib. Less than 5 minutes.,51
1230,15:16:27 11-14-2016,15:56:43 11-14-2016,Mom. Crib. Waited for tired signs. Less than 5 minutes to sleep  no protesting.,40
1229,12:26:43 11-14-2016,13:27:36 11-14-2016,Mom. Crib. Protested a little but feel asleep in about 5 minutes.,60
1228,09:39:12 11-14-2016,10:21:08 11-14-2016,Mom. Crib. 5 minutes.,41
1227,05:40:40 11-14-2016,08:12:23 11-14-2016,,151
1226,19:19:53 11-13-2016,05:16:14 11-14-2016,Dad. Less than 5 min. Was super happy before bed. Wasn't sure she was tired. Spit out soother in crib and found thumb.,596
1225,16:38:33 11-13-2016,17:09:53 11-13-2016,Mom- <5 minutes in crib,31
1224,13:23:36 11-13-2016,14:06:56 11-13-2016,Dad 6 minute put down. Found thumb.,43
1223,10:06:28 11-13-2016,11:35:01 11-13-2016,Dad. Took 17 min to get her to nap. 1 PUPD. Switched to blue soother. Calmed down in arms. Put her down and she found her thumb.,88
1222,03:10:27 11-13-2016,08:30:34 11-13-2016,,320
1221,19:39:30 11-12-2016,02:48:34 11-13-2016,Mom. Woke up hard crying. Pick up  soother  shushing  singing. Put down  thumb  sleep.,429
1220,19:00:08 11-12-2016,19:32:02 11-12-2016,Dad - easy 5 min put down. Rocked her until she found her thumb. Put her down and she fell asleep.,31
1219,13:52:10 11-12-2016,14:44:19 11-12-2016,Took a while to settle. One pick up put down.,52
1218,10:58:35 11-12-2016,11:41:15 11-12-2016,,42
1217,08:23:28 11-12-2016,09:27:12 11-12-2016,Took 20 min to get her to sleep. One failed attempt requiring pick up put down. Found thumb and fell asleep eventually.,63
1216,04:58:37 11-12-2016,06:56:41 11-12-2016,,118
1215,20:04:06 11-11-2016,04:34:14 11-12-2016,Crying again. Rocked in arms with soother. Put down. Spit soother out. Still has hiccups. Fell asleep with fingers in mouth.,510
1214,19:52:03 11-11-2016,19:56:53 11-11-2016,Cried so hard gave herself hiccups. Eventually fell asleep in crib with soother. Removed soother shortly after she fell asleep.,4
1213,18:44:41 11-11-2016,19:21:18 11-11-2016,,36
1212,14:15:43 11-11-2016,14:56:08 11-11-2016,Dad. Used soother to settle her whole rocking. Didn't take long. Found them in crib. Fell asleep quickly.,40
1211,11:49:31 11-11-2016,12:44:34 11-11-2016,Dad. No soother. Easy putdown. Found thumb.,55
1210,08:48:51 11-11-2016,10:14:47 11-11-2016,,85
1209,05:10:34 11-11-2016,07:18:41 11-11-2016,,128
1208,01:58:47 11-11-2016,04:53:42 11-11-2016,,174
1207,19:35:41 11-10-2016,01:32:08 11-11-2016,Dad - very easy. Didn't need soother. Rocked and bounced for a few minutes. Found thumb. Put her down. fell asleep quickly and quietly.,356
1206,16:50:39 11-10-2016,17:25:42 11-10-2016,,35
1205,12:24:02 11-10-2016,15:18:27 11-10-2016,Swing. Tried the crib first (for about 15 minutes) but wouldn't settle. Took a while to fall asleep in swing ,174
1204,09:25:37 11-10-2016,10:07:55 11-10-2016,,42
1203,04:20:34 11-10-2016,07:50:39 11-10-2016,,210
1202,23:51:11 11-09-2016,03:58:29 11-10-2016,,247
1201,23:20:05 11-09-2016,23:29:23 11-09-2016,Mom got her back to sleep with soother and shushing  took a while,9
1200,19:43:55 11-09-2016,23:00:09 11-09-2016,Dad - Story then rocked to drowsy. Put down  spit out soother and found thumb but wouldn't settle. Had a full freakout. Had to be picked up and bounced for several minutes until she stopped crying. Back in crib with soother. Got hiccups but calm. Soon fell asleep with soother in.,196
1199,15:18:18 11-09-2016,16:49:11 11-09-2016,Gave her soother when she woke up and left her in the swing. Fell back asleep.,90
1198,14:37:30 11-09-2016,15:10:16 11-09-2016,Swing,32
1197,12:20:47 11-09-2016,12:59:44 11-09-2016,,38
1196,09:36:21 11-09-2016,10:38:01 11-09-2016,,61
1195,04:56:13 11-09-2016,07:57:58 11-09-2016,,181
1194,00:32:55 11-09-2016,04:36:29 11-09-2016,Dad tried to shush her back to sleep before mom changed and fed. Fell back asleep after a little playing with her hands.,243
1193,19:34:44 11-08-2016,23:56:21 11-08-2016,,261
1192,15:57:26 11-08-2016,17:38:16 11-08-2016,Fell asleep after 20 minutes in the swing,100
1191,15:07:55 11-08-2016,15:27:19 11-08-2016,Went down easily in crib. Woke up crying. Would fall back asleep in her crib.,19
1190,13:07:52 11-08-2016,13:40:58 11-08-2016,Took 20 minutes to settle in her crib. Tried to get her to go back to sleep for 20 minutes once she woke up.,33
1189,10:19:53 11-08-2016,11:03:16 11-08-2016,Went down easily in crib. Made one peep when she woke up and I went in because we needed to leave.,43
1188,05:47:36 11-08-2016,08:49:30 11-08-2016,,181
1187,19:39:46 11-07-2016,05:20:43 11-08-2016,Dad rocked her for a few minutes until drowsy. Put down in crib. Spent 10 minutes spitting out fingers and pulling hair  getting more worked up. Tried picking her up and rocking her. Triggered full out freak out. Took several minutes of bouncing to settle her back down and get her drowsy. Put her down again and she freaked out very soon. Gave up and called in mom.  Calmed down for mom but still had some crying episodes. Twinkle twinkle put her to sleep.,580
1186,16:19:34 11-07-2016,17:05:52 11-07-2016,Crib  went down easily,46
1185,12:53:28 11-07-2016,14:36:32 11-07-2016,Crib  after falling asleep on boob,103
1184,10:07:19 11-07-2016,11:09:29 11-07-2016,Crib. Woke her up to go to class.,62
1183,05:31:00 11-07-2016,08:51:17 11-07-2016,Crib  squirmed for a minute before finding her thumb. Woke her up in the morning.,200
1182,19:32:09 11-06-2016,05:03:20 11-07-2016,Dad bounced her and put her in crib with soother. Took away soother when she started chewing on it. Cried a bit but found her thumb. Sticker loudly on her thumb for a long time. Dad eventually left without her 100% asleep.,571
1181,16:05:57 11-06-2016,17:36:03 11-06-2016,Did not want to sleep. Had her in crib. Tried the swing. Calmed her but wide awake. Tried moving back to crib. Freaked out. Moved back to swing. Mom came in and calmed her and waited until she fell asleep.,90
1180,13:20:49 11-06-2016,13:43:31 11-06-2016,Didn't seem tired after big poop. Put her down anyway. Fell asleep with thumb in mouth. Woke up crying,22
1179,10:31:20 11-06-2016,11:17:33 11-06-2016,Dad waited too long. Resisted sleep. Really wanted to chew on soother. Eventually fell asleep with thumb in mouth.,46
1178,04:00:11 11-06-2016,08:57:34 11-06-2016,Crib  thumb. Woke up happy.,297
1177,20:59:15 11-05-2016,03:35:32 11-06-2016,Dad had to pick up and give soother again. Gassy. Fell asleep with soother but pulled out and she kept sleeping.  After 20 min screaming  but fell back asleep by herself.,456
1176,20:45:35 11-05-2016,20:51:05 11-05-2016,Dad went in to the bedroom when she was screaming. Had to pick her up and give her a soother to call her. Put her back in crib after a minute. Very gassy. Soon spot out soother and found thumb. Took a long time to settle. Restless legs. Needed a lot of shushing.,5
1175,19:40:32 11-05-2016,20:18:05 11-05-2016,Mom rocked her for a bit until drowsy. In crib with soother then thumb. Total took about 10 minutes.,37
1174,16:46:16 11-05-2016,17:35:17 11-05-2016,Wasn't showing signs of tiredness but Dad put her down anyway. Resisted rocking but found her thumb quickly. Fell asleep fast.,49
1173,13:15:08 11-05-2016,14:49:12 11-05-2016,Dad bounced for 5 minutes. Didn't show any signs of getting drowsy so just put her down in crib and covered with blankets. Protested a bit but found thumb and fell asleep.,94
1172,10:27:32 11-05-2016,11:37:22 11-05-2016,Dad bounced her for a minute  put her in crib  covered her with blankets. Some soothing  but she found her fingers and fell asleep quickly.  After 55 min woke up but fell back asleep with fingers.,69
1171,05:01:31 11-05-2016,09:06:31 11-05-2016,Crib. Took about 5 minutes for her to settle and find her thumb.,245
1170,21:04:11 11-04-2016,04:34:27 11-05-2016,Dad shushed her back to sleep,450
1169,20:25:31 11-04-2016,21:00:24 11-04-2016,Woke up hard crying again. Soother  then thumb.,34
1168,20:00:00 11-04-2016,20:18:47 11-04-2016,Woke up hard crying. Soother  shushed  held hand.,18
1167,19:19:42 11-04-2016,19:51:25 11-04-2016,Fell asleep on boob. In still swing.,31
1166,15:15:53 11-04-2016,15:59:55 11-04-2016,Crib  thumb. Fought it for a while.,44
1165,12:47:33 11-04-2016,13:34:08 11-04-2016,Crib  soother. Fought it for a while.,46
1164,10:02:51 11-04-2016,10:51:22 11-04-2016,Crib  thumb,48
1163,23:40:30 11-03-2016,08:40:49 11-04-2016,Several minutes of swinging before she fell back asleep. Initially had soother but spit it out in favor of her thumb. Turned swing off at 11:45.,540
1162,19:32:06 11-03-2016,23:30:27 11-03-2016,Still swing,238
1161,16:32:59 11-03-2016,17:14:28 11-03-2016,Crib  soother then thumb. Took about 15 minutes for her to settle.,41
1160,14:01:55 11-03-2016,14:51:35 11-03-2016,Put her in the crib at 1:10 and she almost feel asleep right away. But then started fussing. Moved her to the swing at 1:30. First I just rocked it but she was super awake. Turned it on with the mobile. Once it turned off she started to look sleepy again. Finally went to sleep sucking her thumb.,49
1159,10:45:40 11-03-2016,11:41:49 11-03-2016,Crib  thumb,56
1158,04:42:18 11-03-2016,09:21:19 11-03-2016,Crib  squirmy,279
1157,00:45:17 11-03-2016,04:22:16 11-03-2016,Still swing,216
1156,19:29:45 11-02-2016,00:24:44 11-03-2016,Fell asleep in swing without rocking,294
1155,15:59:56 11-02-2016,16:48:19 11-02-2016,Crib  thumb,48
1154,13:18:18 11-02-2016,14:10:02 11-02-2016,Crib  soother then thumb,51
1152,10:21:55 11-02-2016,11:22:49 11-02-2016,Crib  thumb,60
1151,05:17:01 11-02-2016,08:53:14 11-02-2016,Crib. Squirmed around for a few minutes before settling into deep sleep.,216
1150,00:38:56 11-02-2016,04:57:23 11-02-2016,Swing barely rocked,258
1149,19:28:54 11-01-2016,00:17:18 11-02-2016,Asleep on boob. Soother. Manually rocked the swing.,288
1148,15:45:37 11-01-2016,16:41:02 11-01-2016,Crib  no soother,55
1147,12:59:17 11-01-2016,14:01:18 11-01-2016,Crib. Soother then thumb ,62
1146,10:11:16 11-01-2016,11:05:56 11-01-2016,Crib. Soother then thumb.,54
1145,01:26:25 11-01-2016,08:38:45 11-01-2016,Barely rocked the swing,432
1144,19:34:13 10-31-2016,01:01:07 11-01-2016,Fell asleep on boob. Stirred a little when i put her in the swing. Gave her the soother for a little bit and manually rocked swing. Woke up at 8:10  rocked and soothed back to sleep quickly.,326
1143,16:10:25 10-31-2016,16:35:44 10-31-2016,Crib with soother,25
1142,13:43:43 10-31-2016,14:22:36 10-31-2016,Swing  turned on. Soother then thumb.,38
1141,10:39:42 10-31-2016,11:25:28 10-31-2016,Crib  no soother!,45
1140,06:00:55 10-31-2016,09:09:12 10-31-2016,Crib. Squirmed quite a bit when I put her down. Sat with her for a while. Eventually left when still the occasional squirm.,188
1139,01:58:29 10-31-2016,05:39:16 10-31-2016,Manually rocked swing,220
1138,19:25:37 10-30-2016,01:38:25 10-31-2016,Fussy and overtired. Cried for a bit and then called right down with some bouncing and a soother. Put her in the swing within 2 minutes. Almost asleep. Fell asleep with manual rocking. Stirred a bit when I pulled out the soother. Made noises at 8:10. Turned swing on and shushed her. At 9:10 turned swing off.,372
1137,15:08:46 10-30-2016,16:38:02 10-30-2016,Daddy bounced her for a few minutes and then put her in bed with a soother. Had a nap next to her for 45 minutes. Daddy tried rolling over but woke her up. Fell back asleep with some shushing and her fingers. Dad woke up but Astrid slept more.,89
1136,13:05:12 10-30-2016,13:15:05 10-30-2016,I left her in the swing when she woke up and she fell back to sleep in 10 minutes,9
1135,12:27:00 10-30-2016,12:54:14 10-30-2016,Swing turned on,27
1134,09:45:47 10-30-2016,10:27:54 10-30-2016,In crib. We played the soother-thumb game for about 15 minutes. The thumb won.,42
1133,05:47:37 10-30-2016,08:04:15 10-30-2016,Barely rocked the swing,136
1132,02:00:04 10-30-2016,05:27:13 10-30-2016,Manually rocked swing,207
1131,19:50:33 10-29-2016,01:37:33 10-30-2016,Mom bounced her with soother. In swing  soother fell out. Manually rocked swing with shushing until she fell asleep.,346
1130,17:24:08 10-29-2016,18:06:41 10-29-2016,In swing with thumb in mouth. Had soother earlier.,42
1129,14:02:43 10-29-2016,14:55:13 10-29-2016,Grandma's bed with soother. Took 3 pick up  put downs of Daddy bouncing with soother before she fell asleep.,52
1128,10:37:26 10-29-2016,12:18:24 10-29-2016,In swing,100
1127,06:32:22 10-29-2016,09:00:00 10-29-2016,Manually rocked swing,147
1126,02:26:44 10-29-2016,06:10:52 10-29-2016,Manually rocked swing,224
1124,19:40:31 10-28-2016,01:56:25 10-29-2016,Rocked in dad's arms with soother for a few minutes. In swing without soother but found thumb. Manual gentle swing movement for a few minutes until mostly sleeping. Left room with her still sucking on thumb. After 15 min making noises  started swing. Stopped swing at 50 min.,375
1123,17:30:38 10-28-2016,18:03:32 10-28-2016,Swing. In there on her own for 15-20 before falling asleep.,32
1122,15:13:50 10-28-2016,15:53:51 10-28-2016,Swing with soother,40
1121,12:29:03 10-28-2016,13:04:10 10-28-2016,Fell asleep on the boob. Stay there for 10 minutes then transferred her to the crib. Whined but found her thumb.,35
1120,10:11:20 10-28-2016,10:43:39 10-28-2016,In crib with soother. Took awhile for her to go to sleep  maybe because of sun. Tried to take her soother when drowsy twice but failed.,32
1119,07:00:23 10-28-2016,08:19:22 10-28-2016,Hand swung the swing. Took awhile for her to settle.,78
1118,02:54:53 10-28-2016,06:37:18 10-28-2016,Rocked the swing a few times. Went to the washroom and she was almost asleep when I came back. Watched from the doorway  swing barely moving  as she drifted off.,222
1117,00:03:50 10-28-2016,02:27:04 10-28-2016,Fell back asleep with soother and swing. Lost soother soon after falling asleep. Swing turned off after 5 minutes.,143
1116,19:53:37 10-27-2016,23:58:52 10-27-2016,Dad rocked to drowsy for a few minutes with soother. Placed in swing with soother. Fell asleep after a few minutes and spit out soother.,245
1115,17:38:41 10-27-2016,18:13:53 10-27-2016,In swing. Turned on mobile and have soother. Left for 5 minutes. When I came back she was sleeping and sucking her thumb.,35
1114,14:51:22 10-27-2016,15:16:44 10-27-2016,Tried to get her to go back to sleep in the crib with the soother after very short nap. Moved her to the swing with soother then thumb. Took about 10 minutes to fall asleep.,25
1113,14:18:01 10-27-2016,14:34:45 10-27-2016,Crib with soother. Took soother out at least minute and left the room.,16
1112,11:04:40 10-27-2016,11:35:14 10-27-2016,Book  swaying in arms  crib. Soother  fingers  soother  fingers  soother. Left room and took soother. Fell asleep pretty quickly. Soother her for the remainder of the hour when she woke up.,30
1111,06:11:13 10-27-2016,09:23:21 10-27-2016,Mom manually rocked the swing until she fell asleep.,192
1110,00:02:19 10-27-2016,05:36:30 10-27-2016,Dad tried to sooth (but failed). Mom turned swing back on and settled her with soother which she eventually lost and found fingers. Turned swing off after 5 minutes of sleep.,334
1109,19:59:24 10-26-2016,23:45:52 10-26-2016,Dad put down in swing almost asleep. Turning swing on activated lights and woke her up. Took 5 minutes for her to call down again and fall asleep. Found her fingers at one point but fell asleep without them. Turned swing off at 9.,226
1108,16:08:03 10-26-2016,17:40:53 10-26-2016,Swing  no soother. Turned on the mobile and left the room. Probably took about 15-20 for her to fall asleep.,92
1107,13:26:41 10-26-2016,14:05:48 10-26-2016,In crib with soother. Took soother out when very drowsy. Find her fingers and I left the room before she was totally asleep.,39
1106,11:10:39 10-26-2016,11:43:37 10-26-2016,Rocked in arms with soother. Put her down in crib very drowsy. Fussed without soother. Gave her back the soother until very drowsy again. Took it out and she found her fingers.,32
1105,05:42:21 10-26-2016,09:29:47 10-26-2016,Turned swing on until she fully settled and was out. Then turned it off.,227
1104,02:39:40 10-26-2016,05:19:34 10-26-2016,,159
1103,23:36:05 10-25-2016,02:14:58 10-26-2016,Woke up. Tried shushing. Restarted swing.,158
1102,19:55:36 10-25-2016,23:18:34 10-25-2016,In swing. Dad soothed in arms with soother. Put down in swing drowsy with soother. Fell asleep easily in swing after 5 minutes of mostly quiet. Stopped the swing at about 9:30.,202
1101,17:50:29 10-25-2016,18:14:06 10-25-2016,,23
1100,15:49:32 10-25-2016,16:09:01 10-25-2016,,19
1099,14:03:17 10-25-2016,14:24:09 10-25-2016,In swing with soother,20
1098,11:57:50 10-25-2016,12:09:05 10-25-2016,Woke up crying. I comforted her and have soother back. Kept losing soother and waking up. Eventually found her fingers.,11
1097,11:24:13 10-25-2016,11:51:38 10-25-2016,Got her really sleepy in my arms with the soother. Put her in crib but kept on losing soother and putting up a fuss. Eventually fell asleep with soother in. I stayed in the room for 5-10 minutes.,27
1096,08:02:47 10-25-2016,09:13:22 10-25-2016,Fell asleep in crib. With soother originally.,70
1092,02:55:14 10-25-2016,07:14:10 10-25-2016,Woke up when changing her. Took a little while to settle in the swing and go back to sleep with shushing.,258
1091,19:58:40 10-24-2016,02:23:21 10-25-2016,In swing. Soother to call her down. Fell asleep with fingers in mouth. Dad,384
1090,19:19:59 10-24-2016,19:53:48 10-24-2016,Swing. Sleeping before placed in.,33
1089,15:20:57 10-24-2016,15:40:31 10-24-2016,Fell asleep on boob. Woke up when I tried to move her to the crib.,19
1088,14:26:44 10-24-2016,14:33:46 10-24-2016,Fell asleep in the swing with soother and shushing. Woke up hard crying.,7
1087,12:48:12 10-24-2016,13:16:35 10-24-2016,Fell asleep on the boob. Put her in the crib. Woke up hard crying.,28
1086,10:49:58 10-24-2016,10:55:33 10-24-2016,Woke up again hard crying. Calmed her with soother in swing. Back to sleep with shushing. Soother out before completely asleep.,5
1085,10:33:00 10-24-2016,10:39:40 10-24-2016,Woke up hard crying. Calmed when I picked her up. Put her in swing with soother and shushed. Fell back asleep. I took the soother out.,6
1084,09:59:40 10-24-2016,10:21:54 10-24-2016,Put her down tired but eyes open and left the room. She cried for 10 minutes. I went in  picked her up  and she got very sleepy very quickly in my arms with the soother. I put her down when her eyes were drooping without the soother. She whimpered a little and fell asleep.,22
1083,06:41:38 10-24-2016,07:54:15 10-24-2016,Woken up at 7:50 am by stopping swing,72
1082,03:41:26 10-24-2016,06:26:21 10-24-2016,,164
1081,00:37:21 10-24-2016,03:21:37 10-24-2016,,164
1080,19:51:49 10-23-2016,00:18:50 10-24-2016,,267
1079,17:33:13 10-23-2016,17:56:19 10-23-2016,Crib,23
1078,15:37:43 10-23-2016,15:53:20 10-23-2016,Swing,15
1077,13:04:55 10-23-2016,13:45:31 10-23-2016,Swing,40
1076,10:16:10 10-23-2016,10:43:57 10-23-2016,Swing,27
1075,08:36:30 10-23-2016,09:08:45 10-23-2016,Ergo Baby,32
1074,05:00:32 10-23-2016,07:00:05 10-23-2016,Swing,119
1073,00:43:51 10-23-2016,04:37:41 10-23-2016,Swing,233
1072,20:52:00 10-22-2016,00:24:56 10-23-2016,Swing,212
1071,20:04:21 10-22-2016,20:45:39 10-22-2016,,41
1070,15:48:33 10-22-2016,16:13:33 10-22-2016,,25
1069,13:41:36 10-22-2016,14:20:02 10-22-2016,,38
1068,09:35:48 10-22-2016,11:39:26 10-22-2016,,123
1067,06:06:32 10-22-2016,08:04:18 10-22-2016,,117
1066,03:40:44 10-22-2016,05:48:00 10-22-2016,,127
1065,21:14:33 10-21-2016,03:22:01 10-22-2016,,367
1064,20:21:36 10-21-2016,20:36:02 10-21-2016,,14
1063,19:36:23 10-21-2016,20:11:06 10-21-2016,,34
1061,16:15:43 10-21-2016,16:31:50 10-21-2016,Swing,16
1060,13:28:50 10-21-2016,14:09:03 10-21-2016,Swing,40
1059,10:52:47 10-21-2016,11:58:02 10-21-2016,Swing,65
1058,07:21:29 10-21-2016,08:58:09 10-21-2016,,96
1057,03:41:08 10-21-2016,06:48:39 10-21-2016,,187
1056,00:05:15 10-21-2016,03:23:52 10-21-2016,,198
1055,20:04:27 10-20-2016,23:45:31 10-20-2016,,221
1053,17:36:32 10-20-2016,18:07:04 10-20-2016,Ergo,30
1052,16:23:32 10-20-2016,16:39:04 10-20-2016,Crib,15
1051,14:37:30 10-20-2016,14:54:17 10-20-2016,Swing,16
1050,14:07:06 10-20-2016,14:15:43 10-20-2016,Crib,8
1049,10:50:05 10-20-2016,11:46:28 10-20-2016,Mom's arms,56
1048,09:50:57 10-20-2016,10:37:10 10-20-2016,Swing,46
1047,04:49:06 10-20-2016,07:48:31 10-20-2016,,179
1046,01:40:41 10-20-2016,04:19:49 10-20-2016,,159
1045,19:44:59 10-19-2016,01:19:06 10-20-2016,,334
1044,16:59:35 10-19-2016,17:25:06 10-19-2016,Swing,25
1043,14:11:51 10-19-2016,15:06:33 10-19-2016,Swing,54
1042,12:01:38 10-19-2016,12:35:16 10-19-2016,Crib,33
1041,07:14:28 10-19-2016,09:48:59 10-19-2016,,154
1040,03:36:44 10-19-2016,06:50:14 10-19-2016,,193
1039,19:48:24 10-18-2016,03:13:22 10-19-2016,,444
1038,18:28:07 10-18-2016,19:08:34 10-18-2016,,40
1037,16:55:20 10-18-2016,17:08:59 10-18-2016,,13
1035,13:50:22 10-18-2016,13:56:46 10-18-2016,Swing,6
1034,13:14:25 10-18-2016,13:32:34 10-18-2016,Crib,18
1033,11:08:50 10-18-2016,11:32:01 10-18-2016,Stroller,23
1032,04:54:47 10-18-2016,08:57:43 10-18-2016,,242
1031,00:57:18 10-18-2016,04:35:16 10-18-2016,,217
1030,19:51:50 10-17-2016,00:41:54 10-18-2016,,290
1029,16:19:18 10-17-2016,16:49:06 10-17-2016,,29
1028,13:09:13 10-17-2016,13:56:55 10-17-2016,,47
1027,10:15:59 10-17-2016,11:06:21 10-17-2016,,50
1026,05:12:14 10-17-2016,08:19:21 10-17-2016,,187
1025,02:43:42 10-17-2016,04:53:38 10-17-2016,,129
1024,23:15:00 10-16-2016,02:20:08 10-17-2016,,185
1023,20:05:48 10-16-2016,23:10:22 10-16-2016,,184
1022,18:22:33 10-16-2016,18:45:54 10-16-2016,,23
1021,15:46:53 10-16-2016,16:15:54 10-16-2016,,29
1020,13:42:41 10-16-2016,13:58:57 10-16-2016,,16
1019,10:43:56 10-16-2016,11:23:04 10-16-2016,,39
1018,03:13:35 10-16-2016,08:20:08 10-16-2016,,306
1017,20:02:46 10-15-2016,02:45:57 10-16-2016,,403
1016,17:20:34 10-15-2016,18:00:14 10-15-2016,Grandma's arms,39
1015,14:31:51 10-15-2016,14:50:05 10-15-2016,Swing,18
1014,11:40:26 10-15-2016,12:34:23 10-15-2016,Mom's arms,53
1013,10:13:01 10-15-2016,10:46:52 10-15-2016,Stroller,33
1012,06:20:57 10-15-2016,07:33:32 10-15-2016,,72
1011,03:01:50 10-15-2016,05:54:30 10-15-2016,,172
1010,00:08:55 10-15-2016,02:38:02 10-15-2016,,149
1009,20:25:49 10-14-2016,23:51:25 10-14-2016,,205
1008,20:05:11 10-14-2016,20:20:46 10-14-2016,,15
1007,17:58:08 10-14-2016,18:24:27 10-14-2016,Mom's arms,26
1006,15:54:32 10-14-2016,16:06:24 10-14-2016,Mom's arms,11
1005,13:13:25 10-14-2016,13:49:05 10-14-2016,Mom's arms & crib,35
1004,10:30:01 10-14-2016,11:07:08 10-14-2016,Ergo,37
1003,05:46:42 10-14-2016,08:09:37 10-14-2016,,142
1002,01:46:04 10-14-2016,05:27:20 10-14-2016,,221
1001,19:52:30 10-13-2016,01:26:09 10-14-2016,,333
1000,18:54:48 10-13-2016,19:07:35 10-13-2016,Mom's arms,12
999,17:16:24 10-13-2016,17:40:59 10-13-2016,Swing,24
998,14:54:25 10-13-2016,15:27:27 10-13-2016,Ergo,33
997,13:14:43 10-13-2016,13:24:45 10-13-2016,M&M's bed,10
996,09:36:32 10-13-2016,10:16:57 10-13-2016,,40
995,06:27:03 10-13-2016,07:39:21 10-13-2016,,72
994,01:47:16 10-13-2016,06:00:01 10-13-2016,,252
993,22:48:56 10-12-2016,01:26:39 10-13-2016,,157
992,20:24:42 10-12-2016,22:45:52 10-12-2016,,141
991,16:59:29 10-12-2016,18:27:41 10-12-2016,Swing,88
990,14:27:19 10-12-2016,15:13:40 10-12-2016,Mom's arms,46
989,13:24:19 10-12-2016,13:28:24 10-12-2016,Ergo,4
988,12:36:44 10-12-2016,12:49:48 10-12-2016,,13
987,10:28:22 10-12-2016,11:04:19 10-12-2016,,35
986,05:50:45 10-12-2016,08:16:40 10-12-2016,,145
985,01:06:23 10-12-2016,05:36:33 10-12-2016,,270
984,20:34:02 10-11-2016,00:45:49 10-12-2016,,251
983,18:17:16 10-11-2016,18:45:01 10-11-2016,Swing,27
982,14:27:38 10-11-2016,15:30:56 10-11-2016,Mom's arms,63
981,13:30:13 10-11-2016,14:12:38 10-11-2016,Stroller,42
980,09:32:43 10-11-2016,10:24:30 10-11-2016,Crib,51
979,06:45:38 10-11-2016,07:46:44 10-11-2016,Crib,61
978,02:29:26 10-11-2016,06:21:37 10-11-2016,Swing,232
977,20:57:07 10-10-2016,02:02:23 10-11-2016,Swing,305
976,20:23:08 10-10-2016,20:54:51 10-10-2016,Swing,31
975,17:41:24 10-10-2016,18:01:23 10-10-2016,,19
974,15:27:10 10-10-2016,15:56:18 10-10-2016,,29
973,12:12:08 10-10-2016,12:53:05 10-10-2016,,40
972,09:53:02 10-10-2016,10:28:49 10-10-2016,,35
971,05:54:05 10-10-2016,07:54:46 10-10-2016,Swing,120
970,01:24:27 10-10-2016,05:25:05 10-10-2016,Swing,240
969,20:41:15 10-09-2016,01:03:45 10-10-2016,Swing,262
968,19:24:03 10-09-2016,20:05:48 10-09-2016,Ergo,41
967,17:25:24 10-09-2016,17:46:18 10-09-2016,Hirtles,20
966,14:18:18 10-09-2016,14:40:41 10-09-2016,Swing,22
965,12:23:19 10-09-2016,13:03:27 10-09-2016,Dad's arms,40
964,09:41:37 10-09-2016,10:11:39 10-09-2016,Crib with soother,30
963,04:57:47 10-09-2016,07:47:31 10-09-2016,Swing,169
962,01:55:53 10-09-2016,04:40:18 10-09-2016,Swing,164
961,23:52:13 10-08-2016,01:20:54 10-09-2016,Swing,88
960,20:12:21 10-08-2016,23:27:15 10-08-2016,Swing,194
959,17:07:17 10-08-2016,17:32:32 10-08-2016,,25
958,14:31:19 10-08-2016,14:48:51 10-08-2016,,17
957,11:23:02 10-08-2016,12:02:18 10-08-2016,,39
956,07:34:22 10-08-2016,09:18:57 10-08-2016,,104
955,02:23:18 10-08-2016,06:19:26 10-08-2016,,236
954,20:03:52 10-07-2016,01:57:03 10-08-2016,,353
953,13:11:49 10-07-2016,15:20:19 10-07-2016,,128
952,11:00:07 10-07-2016,11:35:44 10-07-2016,,35
951,07:53:12 10-07-2016,08:54:15 10-07-2016,,61
950,03:47:31 10-07-2016,06:46:59 10-07-2016,Swing,179
949,03:00:14 10-07-2016,03:36:45 10-07-2016,,36
948,02:24:12 10-07-2016,02:45:45 10-07-2016,,21
947,23:07:33 10-06-2016,01:38:43 10-07-2016,,151
946,21:36:47 10-06-2016,22:55:38 10-06-2016,,78
945,21:00:30 10-06-2016,21:28:22 10-06-2016,,27
943,20:11:09 10-06-2016,20:51:43 10-06-2016,,40
942,15:11:40 10-06-2016,17:33:25 10-06-2016,,141
941,13:34:19 10-06-2016,13:57:24 10-06-2016,,23
940,09:59:28 10-06-2016,10:42:50 10-06-2016,,43
939,07:34:46 10-06-2016,08:20:13 10-06-2016,,45
938,03:59:39 10-06-2016,06:13:28 10-06-2016,,133
937,01:24:23 10-06-2016,03:46:40 10-06-2016,,142
936,23:53:54 10-05-2016,01:04:11 10-06-2016,,70
935,23:29:18 10-05-2016,23:40:43 10-05-2016,,11
934,20:41:55 10-05-2016,23:11:35 10-05-2016,,149
933,18:38:51 10-05-2016,19:17:38 10-05-2016,,38
932,14:50:35 10-05-2016,17:10:25 10-05-2016,,139
931,13:47:16 10-05-2016,13:54:28 10-05-2016,Stroller,7
929,12:45:16 10-05-2016,13:17:16 10-05-2016,Stroller,31
928,10:30:50 10-05-2016,11:02:23 10-05-2016,,31
927,07:23:13 10-05-2016,08:10:45 10-05-2016,,47
926,04:31:15 10-05-2016,06:20:01 10-05-2016,,108
925,01:19:37 10-05-2016,04:03:45 10-05-2016,,164
924,00:10:01 10-05-2016,00:51:12 10-05-2016,,41
923,22:55:36 10-04-2016,00:06:16 10-05-2016,,70
922,20:07:42 10-04-2016,22:32:03 10-04-2016,,144
920,16:16:35 10-04-2016,17:32:49 10-04-2016,Swing,76
919,15:02:55 10-04-2016,15:25:59 10-04-2016,,23
918,10:59:25 10-04-2016,12:19:03 10-04-2016,Swing,79
917,09:33:20 10-04-2016,10:12:21 10-04-2016,,39
916,06:54:27 10-04-2016,08:06:33 10-04-2016,,72
915,03:35:49 10-04-2016,06:04:20 10-04-2016,,148
914,23:56:29 10-03-2016,03:17:55 10-04-2016,,201
913,20:21:40 10-03-2016,23:40:07 10-03-2016,,198
912,16:38:02 10-03-2016,18:07:48 10-03-2016,Swing,89
911,14:50:23 10-03-2016,15:07:24 10-03-2016,Stroller,17
910,13:07:51 10-03-2016,13:48:22 10-03-2016,,40
909,10:25:37 10-03-2016,11:08:33 10-03-2016,,42
908,07:59:07 10-03-2016,08:58:21 10-03-2016,,59
907,06:07:51 10-03-2016,07:25:04 10-03-2016,,77
905,03:55:55 10-03-2016,05:01:15 10-03-2016,,65
904,01:57:37 10-03-2016,03:41:24 10-03-2016,,103
903,00:26:05 10-03-2016,01:36:25 10-03-2016,,70
902,20:40:55 10-02-2016,00:08:39 10-03-2016,,207
901,18:47:01 10-02-2016,19:33:12 10-02-2016,Swing,46
900,15:28:47 10-02-2016,16:10:14 10-02-2016,Family nap in bed,41
899,13:35:46 10-02-2016,14:12:01 10-02-2016,Stroller,36
898,12:53:10 10-02-2016,13:20:17 10-02-2016,Stroller,27
897,09:33:40 10-02-2016,10:08:40 10-02-2016,,35
896,06:38:52 10-02-2016,07:51:59 10-02-2016,,73
895,04:54:31 10-02-2016,06:15:17 10-02-2016,With mom on couch,80
894,03:42:08 10-02-2016,04:40:40 10-02-2016,,58
893,00:24:37 10-02-2016,03:22:33 10-02-2016,,177
892,21:23:44 10-01-2016,00:04:42 10-02-2016,,160
891,20:10:11 10-01-2016,21:11:05 10-01-2016,,60
890,16:12:11 10-01-2016,17:33:53 10-01-2016,Swing,81
889,13:05:39 10-01-2016,14:33:27 10-01-2016,Swing,87
888,12:17:45 10-01-2016,12:54:56 10-01-2016,Chair,37
887,10:07:12 10-01-2016,10:21:18 10-01-2016,Chair,14
886,07:25:54 10-01-2016,08:41:42 10-01-2016,Chair,75
884,04:36:57 10-01-2016,06:37:58 10-01-2016,,121
883,00:14:46 10-01-2016,04:06:13 10-01-2016,,231
882,20:21:48 09-30-2016,23:23:24 09-30-2016,,181
881,17:32:19 09-30-2016,18:07:04 09-30-2016,Swing,34
880,15:31:11 09-30-2016,16:13:52 09-30-2016,With mom in rocker,42
879,14:21:18 09-30-2016,14:57:56 09-30-2016,,36
878,13:36:56 09-30-2016,14:10:22 09-30-2016,Stroller,33
877,11:38:19 09-30-2016,12:06:04 09-30-2016,Stroller,27
876,08:30:36 09-30-2016,09:58:45 09-30-2016,Chair,88
875,04:55:01 09-30-2016,06:49:32 09-30-2016,,114
874,02:13:42 09-30-2016,04:40:42 09-30-2016,,147
873,22:48:50 09-29-2016,01:53:44 09-30-2016,,184
872,21:38:58 09-29-2016,22:39:59 09-29-2016,,61
871,20:43:27 09-29-2016,21:31:56 09-29-2016,,48
870,17:30:40 09-29-2016,17:55:11 09-29-2016,,24
869,15:35:56 09-29-2016,16:07:51 09-29-2016,Swing,31
868,15:02:20 09-29-2016,15:27:10 09-29-2016,,24
867,12:37:13 09-29-2016,13:05:46 09-29-2016,Stroller,28
866,10:40:44 09-29-2016,11:40:24 09-29-2016,,59
865,08:15:18 09-29-2016,08:53:03 09-29-2016,,37
864,04:42:16 09-29-2016,07:18:05 09-29-2016,,155
863,01:16:29 09-29-2016,04:15:00 09-29-2016,,178
862,21:07:31 09-28-2016,00:58:35 09-29-2016,,231
861,20:49:39 09-28-2016,21:00:10 09-28-2016,,10
860,17:22:30 09-28-2016,17:50:00 09-28-2016,Big bed,27
859,14:08:33 09-28-2016,15:41:13 09-28-2016,Ergo,92
858,12:55:21 09-28-2016,13:03:40 09-28-2016,,8
857,11:43:36 09-28-2016,12:20:58 09-28-2016,,37
856,08:29:56 09-28-2016,09:36:48 09-28-2016,,66
855,05:50:40 09-28-2016,07:24:37 09-28-2016,,93
854,02:59:26 09-28-2016,05:31:58 09-28-2016,,152
853,01:33:17 09-28-2016,02:46:17 09-28-2016,,72
852,00:43:50 09-28-2016,01:22:22 09-28-2016,,38
851,20:57:07 09-27-2016,00:27:50 09-28-2016,,210
850,17:48:04 09-27-2016,18:46:15 09-27-2016,,58
849,16:49:13 09-27-2016,17:28:43 09-27-2016,,39
848,13:36:12 09-27-2016,14:25:27 09-27-2016,,49
846,12:19:48 09-27-2016,12:43:43 09-27-2016,,23
845,07:39:55 09-27-2016,09:57:57 09-27-2016,,138
844,06:40:11 09-27-2016,07:13:39 09-27-2016,,33
843,04:23:09 09-27-2016,05:54:43 09-27-2016,,91
842,01:24:26 09-27-2016,03:56:11 09-27-2016,,151
841,21:08:20 09-26-2016,01:05:57 09-27-2016,,237
840,17:57:42 09-26-2016,18:40:27 09-26-2016,,42
839,16:00:14 09-26-2016,16:30:09 09-26-2016,Swing,29
838,15:05:11 09-26-2016,15:49:32 09-26-2016,,44
837,12:19:06 09-26-2016,12:57:06 09-26-2016,,38
836,09:38:46 09-26-2016,10:29:31 09-26-2016,,50
835,06:43:42 09-26-2016,07:37:30 09-26-2016,,53
834,04:06:45 09-26-2016,06:17:54 09-26-2016,,131
833,00:12:13 09-26-2016,03:37:32 09-26-2016,,205
832,21:08:36 09-25-2016,00:00:20 09-26-2016,,171
831,17:26:32 09-25-2016,19:01:43 09-25-2016,,95
830,14:57:36 09-25-2016,15:14:08 09-25-2016,,16
829,12:17:15 09-25-2016,12:50:50 09-25-2016,,33
828,09:24:30 09-25-2016,10:24:21 09-25-2016,,59
827,05:04:23 09-25-2016,07:38:57 09-25-2016,,154
826,01:48:32 09-25-2016,04:48:10 09-25-2016,,179
825,21:25:49 09-24-2016,01:25:21 09-25-2016,,239
824,20:39:42 09-24-2016,21:22:32 09-24-2016,,42
823,16:31:12 09-24-2016,17:56:33 09-24-2016,Swing,85
822,15:54:12 09-24-2016,16:23:03 09-24-2016,,28
821,13:26:38 09-24-2016,14:07:21 09-24-2016,Stroller,40
820,12:41:37 09-24-2016,13:16:33 09-24-2016,Stroller,34
819,09:44:00 09-24-2016,10:44:41 09-24-2016,,60
818,07:10:23 09-24-2016,08:27:09 09-24-2016,,76
817,05:45:14 09-24-2016,06:09:14 09-24-2016,,24
816,04:14:22 09-24-2016,05:40:57 09-24-2016,,86
815,00:36:10 09-24-2016,03:50:21 09-24-2016,,194
814,21:02:47 09-23-2016,00:17:13 09-24-2016,,194
813,18:22:55 09-23-2016,18:55:17 09-23-2016,,32
812,15:48:27 09-23-2016,16:35:54 09-23-2016,,47
811,13:46:43 09-23-2016,14:24:07 09-23-2016,,37
810,11:27:47 09-23-2016,12:20:05 09-23-2016,,52
809,10:23:43 09-23-2016,11:11:10 09-23-2016,,47
808,07:20:05 09-23-2016,07:58:23 09-23-2016,,38
807,04:48:14 09-23-2016,06:01:35 09-23-2016,,73
806,01:16:19 09-23-2016,04:12:33 09-23-2016,,176
805,20:24:04 09-22-2016,00:40:52 09-23-2016,,256
803,19:02:54 09-22-2016,19:23:44 09-22-2016,,20
802,16:47:15 09-22-2016,17:20:27 09-22-2016,,33
801,11:59:16 09-22-2016,14:22:26 09-22-2016,,143
800,09:08:54 09-22-2016,10:15:08 09-22-2016,,66
799,07:35:50 09-22-2016,08:04:55 09-22-2016,,29
798,05:31:46 09-22-2016,06:27:16 09-22-2016,,55
797,01:24:22 09-22-2016,04:55:04 09-22-2016,,210
796,20:49:36 09-21-2016,00:55:09 09-22-2016,,245
795,17:55:12 09-21-2016,18:11:48 09-21-2016,,16
794,17:25:52 09-21-2016,17:47:24 09-21-2016,,21
793,14:43:36 09-21-2016,15:33:14 09-21-2016,,49
792,11:32:16 09-21-2016,12:29:04 09-21-2016,,56
791,08:51:17 09-21-2016,10:00:19 09-21-2016,,69
790,04:04:35 09-21-2016,07:19:03 09-21-2016,,194
789,20:48:39 09-20-2016,03:27:01 09-21-2016,,398
788,18:15:58 09-20-2016,18:53:19 09-20-2016,,37
787,14:20:29 09-20-2016,15:07:24 09-20-2016,,46
786,11:37:07 09-20-2016,12:45:33 09-20-2016,Swing,68
785,11:01:53 09-20-2016,11:26:45 09-20-2016,,24
784,08:02:21 09-20-2016,08:55:19 09-20-2016,,52
782,06:02:48 09-20-2016,06:46:35 09-20-2016,,43
781,02:32:45 09-20-2016,05:15:25 09-20-2016,,162
780,21:23:04 09-19-2016,01:53:40 09-20-2016,,270
779,20:38:16 09-19-2016,21:18:49 09-19-2016,,40
778,17:00:19 09-19-2016,18:32:34 09-19-2016,Swing,92
776,13:27:25 09-19-2016,14:46:21 09-19-2016,,78
775,09:10:30 09-19-2016,09:50:15 09-19-2016,,39
774,05:51:43 09-19-2016,06:55:32 09-19-2016,,63
773,04:25:41 09-19-2016,05:30:32 09-19-2016,,64
772,02:44:03 09-19-2016,04:05:23 09-19-2016,,81
771,00:03:54 09-19-2016,02:18:36 09-19-2016,,134
770,20:33:21 09-18-2016,23:37:23 09-18-2016,,184
769,18:40:40 09-18-2016,19:43:36 09-18-2016,Swing,62
768,18:20:00 09-18-2016,18:29:03 09-18-2016,,9
767,15:43:23 09-18-2016,16:49:34 09-18-2016,Swing,66
766,13:52:14 09-18-2016,14:24:59 09-18-2016,,32
765,10:45:08 09-18-2016,11:28:25 09-18-2016,,43
764,07:37:25 09-18-2016,09:17:54 09-18-2016,,100
763,04:25:11 09-18-2016,06:17:51 09-18-2016,,112
762,00:14:02 09-18-2016,03:50:08 09-18-2016,,216
761,19:25:35 09-17-2016,22:00:19 09-17-2016,Airplane,154
759,18:34:36 09-17-2016,18:56:57 09-17-2016,Airplane,22
758,15:25:28 09-17-2016,15:42:36 09-17-2016,,17
757,12:04:37 09-17-2016,13:06:52 09-17-2016,Ergo Baby,62
756,09:39:28 09-17-2016,10:34:04 09-17-2016,,54
755,07:14:20 09-17-2016,07:40:53 09-17-2016,,26
754,05:15:03 09-17-2016,06:13:04 09-17-2016,,58
753,02:13:41 09-17-2016,04:37:25 09-17-2016,,143
752,23:47:26 09-16-2016,01:40:24 09-17-2016,,112
751,19:23:17 09-16-2016,23:29:07 09-16-2016,,245
750,18:12:30 09-16-2016,18:24:55 09-16-2016,,12
749,15:07:31 09-16-2016,16:25:20 09-16-2016,,77
748,13:37:30 09-16-2016,14:26:55 09-16-2016,,49
747,11:56:26 09-16-2016,12:08:27 09-16-2016,,12
746,11:17:05 09-16-2016,11:26:10 09-16-2016,Mairy's arms,9
745,10:35:59 09-16-2016,10:45:59 09-16-2016,Linda's arms,10
744,09:46:39 09-16-2016,10:08:47 09-16-2016,,22
743,07:18:51 09-16-2016,08:06:56 09-16-2016,,48
742,04:56:06 09-16-2016,05:40:18 09-16-2016,,44
741,02:11:13 09-16-2016,04:23:01 09-16-2016,,131
740,23:21:42 09-15-2016,01:52:36 09-16-2016,,150
739,19:27:33 09-15-2016,22:35:08 09-15-2016,,187
738,17:26:28 09-15-2016,17:53:57 09-15-2016,,27
737,14:41:45 09-15-2016,15:10:35 09-15-2016,,28
736,13:28:45 09-15-2016,13:51:52 09-15-2016,,23
735,10:35:43 09-15-2016,11:34:06 09-15-2016,Stroller at restaurant,58
734,08:18:18 09-15-2016,09:00:07 09-15-2016,,41
733,04:50:48 09-15-2016,07:00:32 09-15-2016,,129
732,02:17:39 09-15-2016,04:12:32 09-15-2016,,114
731,19:54:03 09-14-2016,01:28:11 09-15-2016,,334
730,19:03:21 09-14-2016,19:16:12 09-14-2016,Stroller on bus,12
729,17:25:09 09-14-2016,17:52:14 09-14-2016,,27
728,15:02:45 09-14-2016,15:20:33 09-14-2016,Stroller on bus,17
727,12:23:57 09-14-2016,13:03:10 09-14-2016,,39
726,11:31:57 09-14-2016,11:59:30 09-14-2016,Stroller,27
725,08:36:56 09-14-2016,09:52:35 09-14-2016,,75
724,04:18:09 09-14-2016,06:42:57 09-14-2016,,144
723,01:50:45 09-14-2016,04:00:05 09-14-2016,,129
722,20:10:49 09-13-2016,01:12:36 09-14-2016,,301
721,19:28:31 09-13-2016,19:39:36 09-13-2016,,11
720,17:26:53 09-13-2016,17:52:49 09-13-2016,,25
719,15:34:18 09-13-2016,15:51:34 09-13-2016,,17
718,14:37:59 09-13-2016,14:55:57 09-13-2016,,17
717,11:31:19 09-13-2016,11:56:42 09-13-2016,Stroller,25
716,09:17:15 09-13-2016,09:51:51 09-13-2016,Stroller,34
715,07:00:42 09-13-2016,07:37:09 09-13-2016,Couch,36
714,03:51:04 09-13-2016,04:56:08 09-13-2016,,65
713,01:13:41 09-13-2016,03:27:50 09-13-2016,,134
712,19:18:21 09-12-2016,00:37:23 09-13-2016,,319
711,18:08:42 09-12-2016,19:01:35 09-12-2016,Dad's arms,52
710,16:19:29 09-12-2016,16:55:19 09-12-2016,,35
709,14:40:57 09-12-2016,15:00:57 09-12-2016,Ergo Baby,20
707,12:46:20 09-12-2016,13:11:47 09-12-2016,Mom's arms,25
706,09:14:45 09-12-2016,09:58:39 09-12-2016,,43
705,06:44:26 09-12-2016,07:57:24 09-12-2016,,72
704,05:00:08 09-12-2016,05:25:08 09-12-2016,In bed,25
703,03:17:28 09-12-2016,04:34:03 09-12-2016,,76
702,23:36:00 09-11-2016,02:38:10 09-12-2016,,182
701,18:33:00 09-11-2016,23:01:44 09-11-2016,,268
700,15:23:08 09-11-2016,15:48:08 09-11-2016,,24
699,12:49:57 09-11-2016,13:35:12 09-11-2016,Family nap in king size bed,45
697,07:18:14 09-11-2016,09:30:39 09-11-2016,,132
696,04:57:59 09-11-2016,06:00:19 09-11-2016,,62
695,01:36:05 09-11-2016,04:22:07 09-11-2016,,166
694,23:17:02 09-10-2016,01:14:07 09-11-2016,,117
693,20:10:45 09-10-2016,23:04:42 09-10-2016,,173
689,19:13:44 09-10-2016,19:43:51 09-10-2016,,30
692,18:29:58 09-10-2016,19:00:44 09-10-2016,,30
691,17:32:42 09-10-2016,17:56:10 09-10-2016,,23
688,15:33:44 09-10-2016,15:48:11 09-10-2016,,14
690,14:20:39 09-10-2016,14:29:28 09-10-2016,,8
687,12:49:29 09-10-2016,13:18:37 09-10-2016,,29
686,11:20:43 09-10-2016,11:44:00 09-10-2016,,23
685,10:27:34 09-10-2016,11:02:59 09-10-2016,,35
684,07:06:15 09-10-2016,08:15:40 09-10-2016,,69
683,03:55:25 09-10-2016,05:16:10 09-10-2016,,80
682,01:39:59 09-10-2016,03:33:17 09-10-2016,,113
681,19:35:20 09-09-2016,00:58:33 09-10-2016,,323
680,18:42:02 09-09-2016,18:46:03 09-09-2016,,4
679,16:47:21 09-09-2016,16:55:01 09-09-2016,,7
678,15:25:43 09-09-2016,16:29:50 09-09-2016,Ergo Baby,64
677,13:39:21 09-09-2016,14:13:48 09-09-2016,,34
676,12:46:32 09-09-2016,13:22:46 09-09-2016,,36
675,12:10:14 09-09-2016,12:15:19 09-09-2016,,5
674,10:08:06 09-09-2016,10:48:59 09-09-2016,,40
673,08:15:34 09-09-2016,09:02:21 09-09-2016,,46
672,03:59:15 09-09-2016,05:54:52 09-09-2016,,115
671,00:32:19 09-09-2016,03:22:21 09-09-2016,,170
670,18:36:04 09-08-2016,23:36:56 09-08-2016,,300
669,16:35:35 09-08-2016,17:06:08 09-08-2016,Car seat,30
668,15:47:02 09-08-2016,16:03:17 09-08-2016,Car seat,16
667,13:23:56 09-08-2016,14:21:54 09-08-2016,,57
666,11:02:23 09-08-2016,11:31:39 09-08-2016,,29
665,10:37:01 09-08-2016,10:46:50 09-08-2016,,9
664,08:35:05 09-08-2016,09:10:56 09-08-2016,,35
663,04:25:42 09-08-2016,06:34:05 09-08-2016,,128
662,02:08:19 09-08-2016,03:32:01 09-08-2016,,83
661,19:15:05 09-07-2016,01:20:56 09-08-2016,,365
660,18:27:23 09-07-2016,18:51:26 09-07-2016,,24
659,16:00:03 09-07-2016,16:28:03 09-07-2016,,28
658,13:39:13 09-07-2016,14:10:21 09-07-2016,,31
657,10:36:47 09-07-2016,10:47:43 09-07-2016,,10
656,08:26:54 09-07-2016,09:25:17 09-07-2016,,58
655,07:16:54 09-07-2016,08:19:17 09-07-2016,,62
654,05:16:47 09-07-2016,05:46:52 09-07-2016,,30
653,03:40:28 09-07-2016,04:20:28 09-07-2016,,40
652,02:01:39 09-07-2016,03:12:53 09-07-2016,,71
651,00:06:25 09-07-2016,01:48:17 09-07-2016,,101
650,20:19:36 09-06-2016,23:18:29 09-06-2016,,178
649,18:36:35 09-06-2016,18:51:04 09-06-2016,Stroller,14
648,13:48:46 09-06-2016,14:57:10 09-06-2016,Car seat,68
647,11:51:52 09-06-2016,13:37:30 09-06-2016,Car seat,105
646,11:04:45 09-06-2016,11:19:15 09-06-2016,Baba's arms,14
645,08:16:59 09-06-2016,08:40:48 09-06-2016,,23
644,03:46:12 09-06-2016,06:29:11 09-06-2016,,162
643,00:34:52 09-06-2016,03:10:44 09-06-2016,,155
642,19:10:03 09-05-2016,23:52:03 09-05-2016,,282
641,17:52:51 09-05-2016,18:15:13 09-05-2016,,22
640,15:25:50 09-05-2016,15:45:23 09-05-2016,,19
639,13:15:47 09-05-2016,14:22:01 09-05-2016,Mom's arms,66
638,12:00:02 09-05-2016,12:51:45 09-05-2016,Bassinet,51
637,10:40:45 09-05-2016,11:00:54 09-05-2016,Bouncy chair,20
636,08:53:58 09-05-2016,09:20:56 09-05-2016,Bouncy chair,26
635,06:10:18 09-05-2016,07:02:15 09-05-2016,Baba's arms,51
634,04:05:54 09-05-2016,05:00:49 09-05-2016,,54
633,01:20:33 09-05-2016,03:43:42 09-05-2016,,143
632,19:16:49 09-04-2016,00:37:02 09-05-2016,,320
629,17:15:47 09-04-2016,17:38:08 09-04-2016,Mom's arms,22
630,15:48:57 09-04-2016,16:08:06 09-04-2016,Baba's arms,19
628,11:25:05 09-04-2016,12:28:08 09-04-2016,,63
627,07:40:03 09-04-2016,08:47:07 09-04-2016,,67
626,07:08:17 09-04-2016,07:23:25 09-04-2016,,15
625,05:47:37 09-04-2016,06:16:07 09-04-2016,,28
624,19:25:56 09-03-2016,04:28:27 09-04-2016,,542
623,17:20:20 09-03-2016,17:37:40 09-03-2016,,17
622,15:26:44 09-03-2016,15:46:49 09-03-2016,,20
621,13:23:49 09-03-2016,14:03:43 09-03-2016,,39
620,13:00:17 09-03-2016,13:11:08 09-03-2016,,10
619,10:45:41 09-03-2016,10:57:41 09-03-2016,Dad's arms,12
618,09:12:49 09-03-2016,09:38:12 09-03-2016,,25
617,07:53:36 09-03-2016,08:00:26 09-03-2016,,6
616,05:40:31 09-03-2016,06:37:45 09-03-2016,Baba's arms,57
615,01:39:27 09-03-2016,04:56:36 09-03-2016,,197
614,19:39:01 09-02-2016,01:05:16 09-03-2016,,326
613,18:10:13 09-02-2016,18:25:14 09-02-2016,,15
612,15:15:42 09-02-2016,15:45:42 09-02-2016,,30
611,13:15:39 09-02-2016,13:58:59 09-02-2016,Ergo Baby,43
610,12:23:08 09-02-2016,12:26:08 09-02-2016,,3
609,11:57:51 09-02-2016,12:10:01 09-02-2016,,12
608,10:10:39 09-02-2016,10:30:50 09-02-2016,Bouncy chair,20
606,09:23:45 09-02-2016,09:32:55 09-02-2016,Floor w soothie,9
605,05:28:03 09-02-2016,07:05:40 09-02-2016,Mom's arms,97
604,01:56:22 09-02-2016,04:45:58 09-02-2016,,169
603,19:23:19 09-01-2016,01:10:56 09-02-2016,,347
602,16:09:56 09-01-2016,17:37:09 09-01-2016,Darlenes' arms,87
601,12:47:48 09-01-2016,13:31:06 09-01-2016,Ergo Baby,43
599,11:31:34 09-01-2016,11:46:05 09-01-2016,,14
598,10:36:29 09-01-2016,10:50:04 09-01-2016,,13
597,09:11:24 09-01-2016,09:20:26 09-01-2016,Bouncy chair,9
596,08:40:31 09-01-2016,08:55:31 09-01-2016,Mom's arms,15
595,06:56:11 09-01-2016,07:42:50 09-01-2016,Mom's lap,46
594,05:33:53 09-01-2016,06:37:17 09-01-2016,In Baba's arms,63
593,04:08:32 09-01-2016,04:43:52 09-01-2016,,35
592,20:46:10 08-31-2016,02:57:24 09-01-2016,,371
590,18:09:07 08-31-2016,18:18:00 08-31-2016,,8
589,17:50:37 08-31-2016,17:57:26 08-31-2016,,6
588,14:42:52 08-31-2016,15:31:04 08-31-2016,,48
587,14:30:16 08-31-2016,14:38:22 08-31-2016,Car seat,8
586,13:55:39 08-31-2016,14:23:09 08-31-2016,Car seat,27
585,12:12:22 08-31-2016,12:59:11 08-31-2016,Car and superstore,46
584,11:33:04 08-31-2016,11:39:12 08-31-2016,,6
583,10:27:53 08-31-2016,11:01:37 08-31-2016,Airplane,33
582,09:42:58 08-31-2016,09:50:13 08-31-2016,Airplane,7
581,09:12:57 08-31-2016,09:39:02 08-31-2016,Airplane,26
580,07:10:29 08-31-2016,07:42:13 08-31-2016,Stroller,31
591,03:30:28 08-31-2016,05:45:28 08-31-2016,,135
579,21:33:34 08-30-2016,02:50:51 08-31-2016,,317
578,21:00:29 08-30-2016,21:23:19 08-30-2016,,22
577,18:51:13 08-30-2016,19:24:32 08-30-2016,Swing,33
576,18:15:57 08-30-2016,18:37:47 08-30-2016,Swing,21
575,16:25:21 08-30-2016,16:41:01 08-30-2016,Stroller,15
574,11:48:37 08-30-2016,13:55:05 08-30-2016,Swing,126
573,10:32:26 08-30-2016,10:45:45 08-30-2016,Soothie,13
572,07:22:11 08-30-2016,08:27:32 08-30-2016,Swing,65
571,03:21:06 08-30-2016,06:07:40 08-30-2016,,166
570,21:13:12 08-29-2016,02:45:56 08-30-2016,,332
569,18:10:37 08-29-2016,18:36:31 08-29-2016,Swing,25
568,12:26:23 08-29-2016,14:08:42 08-29-2016,,102
567,10:55:00 08-29-2016,11:14:40 08-29-2016,Stroller,19
566,07:53:27 08-29-2016,09:05:09 08-29-2016,Swing,71
565,07:43:59 08-29-2016,07:47:59 08-29-2016,Crib,4
564,03:18:31 08-29-2016,06:22:29 08-29-2016,,183
563,21:43:06 08-28-2016,02:35:25 08-29-2016,,292
562,21:01:44 08-28-2016,21:35:43 08-28-2016,,33
561,17:25:41 08-28-2016,17:32:42 08-28-2016,Stroller,7
560,16:25:56 08-28-2016,17:07:42 08-28-2016,Roy's arms,41
559,15:21:57 08-28-2016,15:58:34 08-28-2016,,36
558,14:28:09 08-28-2016,14:44:49 08-28-2016,Stroller,16
557,12:22:27 08-28-2016,13:39:45 08-28-2016,,77
556,10:19:47 08-28-2016,11:11:10 08-28-2016,On Mommy's chest in the rocking chair,51
555,07:42:14 08-28-2016,08:19:35 08-28-2016,,37
554,04:21:59 08-28-2016,06:28:23 08-28-2016,,126
553,21:05:19 08-27-2016,03:54:00 08-28-2016,,408
551,18:04:45 08-27-2016,19:04:45 08-27-2016,Swing,60
549,15:33:43 08-27-2016,15:43:43 08-27-2016,Blanket nap with Daddy,10
548,12:27:25 08-27-2016,13:54:10 08-27-2016,,86
547,10:07:16 08-27-2016,10:52:24 08-27-2016,Ergo Baby,45
546,06:29:09 08-27-2016,07:25:50 08-27-2016,,56
545,03:22:21 08-27-2016,05:38:22 08-27-2016,,136
544,22:16:09 08-26-2016,02:36:08 08-27-2016,,259
543,21:09:37 08-26-2016,21:54:09 08-26-2016,,44
542,18:21:19 08-26-2016,18:50:25 08-26-2016,Swing,29
541,15:19:47 08-26-2016,15:40:04 08-26-2016,Stroller,20
540,12:11:30 08-26-2016,14:19:53 08-26-2016,Swing,128
539,10:45:44 08-26-2016,11:13:41 08-26-2016,Crib w soother,27
538,07:08:46 08-26-2016,08:34:05 08-26-2016,Swing,85
537,03:10:32 08-26-2016,06:00:52 08-26-2016,,170
536,20:58:50 08-25-2016,02:36:30 08-26-2016,,337
535,18:24:53 08-25-2016,18:43:26 08-25-2016,Stroller,18
534,16:15:52 08-25-2016,16:39:28 08-25-2016,Stroller,23
533,15:30:31 08-25-2016,16:00:31 08-25-2016,Mommy's arms,30
532,14:10:30 08-25-2016,14:32:13 08-25-2016,Floor,21
531,10:55:02 08-25-2016,12:15:05 08-25-2016,Swing,80
530,09:36:06 08-25-2016,09:57:09 08-25-2016,Boob,21
529,07:12:56 08-25-2016,08:03:35 08-25-2016,,50
528,03:57:37 08-25-2016,06:43:13 08-25-2016,,165
527,21:18:57 08-24-2016,02:57:41 08-25-2016,,338
526,18:32:56 08-24-2016,18:56:16 08-24-2016,,23
525,15:24:26 08-24-2016,16:34:04 08-24-2016,,69
523,13:55:30 08-24-2016,14:15:47 08-24-2016,Stroller,20
522,12:49:16 08-24-2016,12:53:19 08-24-2016,Stroller,4
521,12:24:38 08-24-2016,12:44:51 08-24-2016,Stroller,20
520,12:08:17 08-24-2016,12:21:30 08-24-2016,Swing,13
519,09:20:45 08-24-2016,09:50:21 08-24-2016,,29
518,07:20:20 08-24-2016,08:10:26 08-24-2016,Crib,50
517,04:00:49 08-24-2016,06:10:45 08-24-2016,,129
515,21:18:17 08-23-2016,03:11:14 08-24-2016,,352
514,17:46:24 08-23-2016,18:06:32 08-23-2016,Swing,20
513,15:44:03 08-23-2016,16:15:49 08-23-2016,Floor,31
512,12:10:20 08-23-2016,14:10:00 08-23-2016,Swing,119
510,09:07:10 08-23-2016,09:29:46 08-23-2016,,22
509,06:21:41 08-23-2016,07:30:09 08-23-2016,Crib,68
508,02:59:34 08-23-2016,05:46:15 08-23-2016,,166
507,21:08:49 08-22-2016,02:16:22 08-23-2016,,307
506,18:23:14 08-22-2016,18:52:12 08-22-2016,Swing,28
505,14:10:31 08-22-2016,16:31:16 08-22-2016,Swing,140
504,11:20:41 08-22-2016,12:18:05 08-22-2016,Mommy's arms,57
503,09:52:56 08-22-2016,10:15:00 08-22-2016,Swing,22
502,06:51:38 08-22-2016,07:47:42 08-22-2016,Crib,56
501,02:53:11 08-22-2016,06:13:10 08-22-2016,,199
500,21:20:05 08-21-2016,02:12:43 08-22-2016,,292
498,19:22:55 08-21-2016,19:45:38 08-21-2016,Mommy's chest,22
499,19:20:57 08-21-2016,20:24:56 08-21-2016,,63
497,16:53:16 08-21-2016,17:31:46 08-21-2016,Swing,38
496,13:41:51 08-21-2016,15:05:18 08-21-2016,,83
495,10:55:56 08-21-2016,12:07:51 08-21-2016,,71
494,08:10:14 08-21-2016,09:13:27 08-21-2016,,63
493,07:54:06 08-21-2016,07:57:34 08-21-2016,Crib with soother,3
492,02:57:28 08-21-2016,06:22:44 08-21-2016,,205
491,23:56:34 08-20-2016,02:33:11 08-21-2016,,156
490,22:34:06 08-20-2016,23:22:50 08-20-2016,Swing,48
489,21:41:37 08-20-2016,22:07:07 08-20-2016,,25
487,17:43:37 08-20-2016,18:03:35 08-20-2016,Swing,19
486,17:30:09 08-20-2016,17:35:39 08-20-2016,,5
485,15:02:16 08-20-2016,15:44:41 08-20-2016,Mom,42
484,13:21:39 08-20-2016,13:54:34 08-20-2016,Stroller,32
483,12:06:09 08-20-2016,12:56:09 08-20-2016,Mom and stroller,50
482,10:09:43 08-20-2016,11:25:12 08-20-2016,Swing,75
481,07:04:14 08-20-2016,07:29:38 08-20-2016,,25
480,06:27:35 08-20-2016,06:31:20 08-20-2016,Swing,3
479,04:50:07 08-20-2016,05:26:05 08-20-2016,,35
478,01:56:04 08-20-2016,03:50:05 08-20-2016,,114
476,20:47:44 08-19-2016,01:02:41 08-20-2016,,254
475,18:43:22 08-19-2016,19:08:26 08-19-2016,,25
473,16:19:56 08-19-2016,16:55:51 08-19-2016,Rocker w mom,35
472,12:02:38 08-19-2016,14:38:09 08-19-2016,Swing,155
470,11:03:01 08-19-2016,11:15:02 08-19-2016,Stroller,12
469,08:56:00 08-19-2016,09:26:10 08-19-2016,Swing,30
468,07:22:10 08-19-2016,07:50:36 08-19-2016,,28
467,04:09:43 08-19-2016,06:42:47 08-19-2016,,153
466,21:54:20 08-18-2016,03:47:35 08-19-2016,,353
465,20:36:38 08-18-2016,21:00:32 08-18-2016,,23
464,18:14:16 08-18-2016,18:30:10 08-18-2016,,15
463,15:54:46 08-18-2016,16:33:16 08-18-2016,,38
462,14:47:59 08-18-2016,15:05:47 08-18-2016,,17
461,12:31:59 08-18-2016,13:25:02 08-18-2016,,53
460,10:10:16 08-18-2016,11:08:49 08-18-2016,,58
459,07:27:13 08-18-2016,08:39:45 08-18-2016,Swing,72
458,03:19:38 08-18-2016,05:45:30 08-18-2016,,145
457,21:00:35 08-17-2016,02:34:31 08-18-2016,,333
456,20:45:33 08-17-2016,20:52:51 08-17-2016,,7
455,18:46:51 08-17-2016,19:03:57 08-17-2016,,17
454,18:00:15 08-17-2016,18:15:05 08-17-2016,,14
453,15:26:43 08-17-2016,15:58:54 08-17-2016,,32
452,12:33:33 08-17-2016,14:17:01 08-17-2016,Swing,103
451,11:49:51 08-17-2016,12:21:08 08-17-2016,Swing,31
450,09:12:44 08-17-2016,09:59:23 08-17-2016,,46
449,06:49:20 08-17-2016,08:02:06 08-17-2016,,72
448,04:30:14 08-17-2016,06:26:59 08-17-2016,,116
447,21:20:53 08-16-2016,03:41:57 08-17-2016,,381
446,19:32:03 08-16-2016,19:47:04 08-16-2016,Daddy's arms rocking chair,15
444,19:15:24 08-16-2016,19:22:26 08-16-2016,Bad put down,7
443,16:51:23 08-16-2016,17:06:49 08-16-2016,Swing,15
442,14:24:41 08-16-2016,15:10:32 08-16-2016,,45
441,13:48:53 08-16-2016,14:00:10 08-16-2016,,11
440,11:11:01 08-16-2016,13:11:11 08-16-2016,Stroller and library,120
439,09:37:02 08-16-2016,10:08:12 08-16-2016,Swing,31
438,08:20:58 08-16-2016,08:51:52 08-16-2016,,30
437,06:16:24 08-16-2016,06:58:08 08-16-2016,,41
436,03:26:40 08-16-2016,05:34:09 08-16-2016,,127
435,01:44:37 08-16-2016,03:00:29 08-16-2016,,75
434,22:10:13 08-15-2016,01:23:08 08-16-2016,,192
433,20:42:31 08-15-2016,21:11:45 08-15-2016,,29
432,19:10:26 08-15-2016,19:24:02 08-15-2016,,13
431,16:34:54 08-15-2016,17:17:37 08-15-2016,Baby Bjorn,42
430,13:16:42 08-15-2016,14:45:58 08-15-2016,Swing,89
429,10:47:44 08-15-2016,11:28:19 08-15-2016,Stroller,40
428,07:35:19 08-15-2016,08:51:58 08-15-2016,On the boob,76
427,06:32:20 08-15-2016,06:39:04 08-15-2016,,6
426,05:20:21 08-15-2016,05:52:22 08-15-2016,,32
425,01:27:50 08-15-2016,04:33:49 08-15-2016,,185
424,21:01:16 08-14-2016,00:46:53 08-15-2016,,225
423,17:36:07 08-14-2016,19:28:27 08-14-2016,Swing,112
422,16:33:43 08-14-2016,16:48:58 08-14-2016,,15
421,13:33:07 08-14-2016,14:23:43 08-14-2016,Swing,50
419,12:56:08 08-14-2016,13:02:28 08-14-2016,,6
418,11:20:09 08-14-2016,11:45:25 08-14-2016,,25
417,09:39:23 08-14-2016,10:14:19 08-14-2016,,34
416,06:58:38 08-14-2016,07:44:58 08-14-2016,,46
414,03:42:11 08-14-2016,06:13:03 08-14-2016,,150
413,21:12:35 08-13-2016,02:54:37 08-14-2016,,342
411,19:42:05 08-13-2016,20:06:31 08-13-2016,,24
410,19:26:52 08-13-2016,19:29:16 08-13-2016,,2
409,18:04:57 08-13-2016,18:22:25 08-13-2016,Swing,17
408,16:21:28 08-13-2016,16:45:38 08-13-2016,Stroller,24
407,14:55:40 08-13-2016,15:12:07 08-13-2016,,16
406,13:15:13 08-13-2016,13:30:13 08-13-2016,,15
405,11:40:42 08-13-2016,12:05:44 08-13-2016,Stroller,25
404,09:53:14 08-13-2016,10:14:52 08-13-2016,,21
403,07:43:14 08-13-2016,08:01:10 08-13-2016,Swing,17
402,05:40:47 08-13-2016,06:02:27 08-13-2016,,21
400,01:09:54 08-13-2016,03:33:09 08-13-2016,,143
399,20:57:16 08-12-2016,00:42:42 08-13-2016,,225
398,17:53:09 08-12-2016,20:26:39 08-12-2016,Swing,153
397,16:49:05 08-12-2016,17:50:55 08-12-2016,,61
396,14:53:24 08-12-2016,15:48:27 08-12-2016,Baby Bjorn w Mom,55
395,12:39:06 08-12-2016,13:09:11 08-12-2016,Stroller,30
393,09:53:42 08-12-2016,11:27:14 08-12-2016,Swing,93
392,08:30:30 08-12-2016,08:45:30 08-12-2016,,15
391,06:15:13 08-12-2016,07:11:09 08-12-2016,,55
390,04:01:51 08-12-2016,05:50:48 08-12-2016,,108
389,02:38:47 08-12-2016,03:50:43 08-12-2016,,71
388,21:54:00 08-11-2016,02:13:46 08-12-2016,,259
387,20:26:11 08-11-2016,20:45:31 08-11-2016,,19
386,17:17:23 08-11-2016,18:37:51 08-11-2016,,80
385,15:00:18 08-11-2016,16:16:47 08-11-2016,,76
384,14:03:10 08-11-2016,14:51:59 08-11-2016,,48
383,12:20:01 08-11-2016,12:39:49 08-11-2016,,19
382,11:08:05 08-11-2016,11:25:38 08-11-2016,Stroller,17
381,09:56:17 08-11-2016,10:18:09 08-11-2016,Swing,21
380,08:29:26 08-11-2016,09:00:53 08-11-2016,,31
379,06:30:22 08-11-2016,06:58:08 08-11-2016,,27
378,02:43:50 08-11-2016,05:56:44 08-11-2016,,192
377,21:30:43 08-10-2016,02:16:40 08-11-2016,,285
376,16:50:25 08-10-2016,17:39:16 08-10-2016,,48
375,14:54:07 08-10-2016,15:17:24 08-10-2016,Stroller w soothie,23
374,13:49:01 08-10-2016,13:57:17 08-10-2016,,8
373,12:09:36 08-10-2016,12:46:43 08-10-2016,Sling with soothie,37
372,10:29:25 08-10-2016,11:01:13 08-10-2016,Swing,31
371,06:33:13 08-10-2016,07:26:14 08-10-2016,,53
370,03:43:00 08-10-2016,06:07:20 08-10-2016,,144
369,22:58:20 08-09-2016,03:09:13 08-10-2016,,250
368,22:07:08 08-09-2016,22:35:02 08-09-2016,,27
367,16:59:45 08-09-2016,18:02:16 08-09-2016,Swing,62
366,11:36:41 08-09-2016,13:26:00 08-09-2016,,109
364,07:37:23 08-09-2016,08:25:09 08-09-2016,Swing,47
363,03:34:47 08-09-2016,06:17:15 08-09-2016,,162
362,22:05:44 08-08-2016,02:07:39 08-09-2016,,241
361,16:53:00 08-08-2016,18:45:09 08-08-2016,Swing,112
360,14:20:38 08-08-2016,15:35:54 08-08-2016,Swing ,75
359,10:57:13 08-08-2016,11:27:16 08-08-2016,Swing,30
358,09:14:37 08-08-2016,09:41:51 08-08-2016,,27
357,06:59:03 08-08-2016,08:21:08 08-08-2016,,82
356,03:23:29 08-08-2016,06:09:15 08-08-2016,,165
355,22:03:27 08-07-2016,02:26:53 08-08-2016,,263
354,20:13:51 08-07-2016,20:30:11 08-07-2016,,16
353,18:00:18 08-07-2016,18:30:53 08-07-2016,Swing,30
352,15:31:23 08-07-2016,16:09:39 08-07-2016,Stroller,38
351,11:08:40 08-07-2016,14:07:31 08-07-2016,Swing,178
350,08:54:51 08-07-2016,10:16:23 08-07-2016,,81
349,06:14:40 08-07-2016,06:52:14 08-07-2016,,37
348,04:05:37 08-07-2016,05:56:23 08-07-2016,,110
347,23:07:32 08-06-2016,03:27:53 08-07-2016,,260
346,21:51:50 08-06-2016,22:34:32 08-06-2016,,42
345,18:45:18 08-06-2016,19:15:25 08-06-2016,Swing,30
344,12:57:30 08-06-2016,14:24:33 08-06-2016,Swing,87
343,10:43:07 08-06-2016,12:10:18 08-06-2016,Baby Bjorn,87
342,09:24:09 08-06-2016,09:40:54 08-06-2016,,16
341,07:30:48 08-06-2016,08:00:55 08-06-2016,Swing,30
340,05:07:19 08-06-2016,06:24:03 08-06-2016,,76
339,03:15:36 08-06-2016,04:35:30 08-06-2016,,79
338,01:58:37 08-06-2016,02:42:28 08-06-2016,,43
337,21:50:43 08-05-2016,01:15:02 08-06-2016,,204
336,20:23:51 08-05-2016,21:23:40 08-05-2016,,59
335,19:51:44 08-05-2016,20:04:06 08-05-2016,Swing,12
334,17:18:44 08-05-2016,18:39:05 08-05-2016,,80
332,15:19:00 08-05-2016,15:44:35 08-05-2016,Swing,25
331,11:41:37 08-05-2016,12:15:57 08-05-2016,Stroller,34
330,09:02:48 08-05-2016,09:43:28 08-05-2016,,40
329,08:22:06 08-05-2016,08:38:33 08-05-2016,,16
328,08:12:50 08-05-2016,08:16:10 08-05-2016,Crib,3
327,07:02:12 08-05-2016,07:20:07 08-05-2016,,17
326,04:02:47 08-05-2016,06:46:24 08-05-2016,,163
325,01:27:38 08-05-2016,03:27:52 08-05-2016,,120
324,23:12:00 08-04-2016,01:09:13 08-05-2016,,117
323,18:18:19 08-04-2016,18:26:43 08-04-2016,,8
322,17:53:14 08-04-2016,18:09:39 08-04-2016,,16
321,15:46:03 08-04-2016,16:05:20 08-04-2016,,19
320,12:06:36 08-04-2016,14:45:22 08-04-2016,Swing,158
319,11:04:44 08-04-2016,11:28:54 08-04-2016,Swing,24
318,06:23:24 08-04-2016,08:25:03 08-04-2016,,121
317,04:43:28 08-04-2016,06:01:18 08-04-2016,,77
316,01:20:11 08-04-2016,03:58:25 08-04-2016,,158
315,21:44:11 08-03-2016,00:58:10 08-04-2016,,193
314,19:38:11 08-03-2016,20:21:56 08-03-2016,Swing,43
313,11:57:45 08-03-2016,15:56:44 08-03-2016,Swing - off and on,238
312,11:39:32 08-03-2016,11:49:17 08-03-2016,Put her down half asleep  quiet for 10 minutes  fussed for 5  then slept  but only for 9 minutes :(,9
311,08:08:52 08-03-2016,08:37:24 08-03-2016,Swing,28
310,04:03:48 08-03-2016,06:22:07 08-03-2016,,138
309,01:59:53 08-03-2016,03:24:25 08-03-2016,,84
308,22:13:10 08-02-2016,00:55:44 08-03-2016,,162
307,20:04:35 08-02-2016,20:17:21 08-02-2016,,12
306,19:22:29 08-02-2016,19:33:26 08-02-2016,,10
305,16:41:22 08-02-2016,18:32:27 08-02-2016,Swing,111
304,14:09:23 08-02-2016,14:54:44 08-02-2016,Baby Bjorn,45
303,11:55:59 08-02-2016,13:06:08 08-02-2016,Swing,70
302,10:12:16 08-02-2016,10:39:15 08-02-2016,,26
301,08:22:37 08-02-2016,09:26:55 08-02-2016,,64
300,06:03:09 08-02-2016,07:22:18 08-02-2016,,79
299,03:03:02 08-02-2016,05:23:02 08-02-2016,,139
298,22:00:04 08-01-2016,02:24:36 08-02-2016,,264
297,21:26:38 08-01-2016,21:32:47 08-01-2016,,6
296,19:47:05 08-01-2016,19:58:21 08-01-2016,,11
295,17:52:58 08-01-2016,18:01:04 08-01-2016,Swing,8
294,15:41:08 08-01-2016,16:18:12 08-01-2016,Stroller,37
293,14:58:27 08-01-2016,15:27:40 08-01-2016,Stroller,29
292,12:22:53 08-01-2016,13:19:52 08-01-2016,Stroller,56
291,08:18:09 08-01-2016,09:46:39 08-01-2016,,88
290,04:52:24 08-01-2016,07:28:13 08-01-2016,,155
289,01:13:11 08-01-2016,03:58:14 08-01-2016,,165
288,21:18:37 07-31-2016,00:55:27 08-01-2016,Long onesie,216
287,20:22:29 07-31-2016,21:04:01 07-31-2016,Baby Bjorn,41
285,18:00:20 07-31-2016,18:32:20 07-31-2016,,32
284,14:30:45 07-31-2016,15:00:36 07-31-2016,,29
283,13:00:59 07-31-2016,13:30:55 07-31-2016,Intermittent stroller,29
282,10:35:47 07-31-2016,11:15:14 07-31-2016,,39
281,07:43:43 07-31-2016,09:01:50 07-31-2016,Baby Bjorn with Daddy,78
280,06:41:47 07-31-2016,07:32:45 07-31-2016,,50
279,02:05:33 07-31-2016,05:36:21 07-31-2016,,210
278,22:40:34 07-30-2016,01:44:32 07-31-2016,,183
277,21:04:02 07-30-2016,21:37:06 07-30-2016,Car seat / stroller,33
276,17:03:37 07-30-2016,19:30:25 07-30-2016,Stroller on bus and at Jericho Beach in grandmas arms,146
275,16:29:11 07-30-2016,16:57:22 07-30-2016,,28
274,11:21:25 07-30-2016,12:23:54 07-30-2016,,62
273,08:48:16 07-30-2016,10:26:27 07-30-2016,,98
272,07:19:22 07-30-2016,07:48:51 07-30-2016,,29
271,04:08:26 07-30-2016,06:30:20 07-30-2016,,141
270,23:19:20 07-29-2016,03:28:48 07-30-2016,,249
269,22:43:09 07-29-2016,22:55:37 07-29-2016,,12
268,20:36:39 07-29-2016,20:57:43 07-29-2016,Daddy Baby Bjorn,21
266,18:30:22 07-29-2016,18:47:04 07-29-2016,Swing,16
265,12:21:55 07-29-2016,14:30:03 07-29-2016,,128
264,10:58:57 07-29-2016,11:38:48 07-29-2016,,39
262,09:24:50 07-29-2016,09:44:17 07-29-2016,,19
261,06:46:50 07-29-2016,07:50:01 07-29-2016,,63
260,03:53:01 07-29-2016,06:10:20 07-29-2016,,137
259,00:35:14 07-29-2016,03:01:25 07-29-2016,,146
258,22:26:15 07-28-2016,00:09:05 07-29-2016,,102
257,20:29:30 07-28-2016,20:57:29 07-28-2016,,27
255,19:04:18 07-28-2016,19:08:36 07-28-2016,,4
254,18:52:05 07-28-2016,18:56:04 07-28-2016,,3
253,15:33:35 07-28-2016,15:58:43 07-28-2016,,25
251,13:27:33 07-28-2016,14:23:25 07-28-2016,With mom on rocker  then transfer to bassinet after 35 minutes,55
250,12:32:19 07-28-2016,13:09:14 07-28-2016,,36
249,09:15:14 07-28-2016,09:29:22 07-28-2016,,14
248,07:31:36 07-28-2016,08:02:09 07-28-2016,,30
247,05:00:34 07-28-2016,06:45:48 07-28-2016,,105
246,00:33:49 07-28-2016,03:32:04 07-28-2016,,178
245,23:21:04 07-27-2016,23:39:50 07-27-2016,,18
244,20:54:22 07-27-2016,20:58:48 07-27-2016,Laura's arms,4
243,17:49:58 07-27-2016,19:21:58 07-27-2016,,92
241,16:29:58 07-27-2016,17:07:18 07-27-2016,,37
240,14:55:49 07-27-2016,15:51:07 07-27-2016,,55
239,14:09:18 07-27-2016,14:32:09 07-27-2016,,22
238,10:35:45 07-27-2016,11:01:22 07-27-2016,,25
237,08:35:11 07-27-2016,09:20:12 07-27-2016,,45
236,06:42:32 07-27-2016,08:06:42 07-27-2016,,84
235,02:16:29 07-27-2016,05:18:11 07-27-2016,,181
234,22:26:12 07-26-2016,01:38:56 07-27-2016,,192
233,20:12:24 07-26-2016,20:56:19 07-26-2016,,43
232,18:51:57 07-26-2016,19:07:09 07-26-2016,Bouncy chair,15
231,18:08:14 07-26-2016,18:22:48 07-26-2016,Swing,14
230,11:59:30 07-26-2016,13:27:38 07-26-2016,Swing,88
229,10:17:45 07-26-2016,10:38:56 07-26-2016,,21
228,08:19:28 07-26-2016,09:05:46 07-26-2016,Baby Bjorn,46
227,06:03:31 07-26-2016,07:20:58 07-26-2016,,77
226,03:14:50 07-26-2016,05:33:02 07-26-2016,,138
225,23:40:24 07-25-2016,02:38:13 07-26-2016,,177
224,22:20:42 07-25-2016,22:54:15 07-25-2016,,33
223,20:50:17 07-25-2016,21:23:10 07-25-2016,,32
221,17:43:24 07-25-2016,18:20:10 07-25-2016,Rekha's arms,36
220,15:59:47 07-25-2016,17:05:08 07-25-2016,,65
218,14:05:26 07-25-2016,15:40:27 07-25-2016,Swing,95
217,12:04:07 07-25-2016,13:04:11 07-25-2016,Stroller,60
216,10:52:48 07-25-2016,11:05:57 07-25-2016,,13
215,08:25:05 07-25-2016,09:32:16 07-25-2016,,67
214,05:52:34 07-25-2016,07:09:30 07-25-2016,,76
213,02:56:36 07-25-2016,05:00:05 07-25-2016,,123
212,21:40:31 07-24-2016,02:03:33 07-25-2016,,263
209,17:59:39 07-24-2016,18:23:04 07-24-2016,Daddy's arms and swing,23
207,15:00:39 07-24-2016,15:34:38 07-24-2016,Swing,33
206,13:58:26 07-24-2016,14:39:30 07-24-2016,Swing,41
205,11:59:15 07-24-2016,12:35:01 07-24-2016,,35
204,08:33:37 07-24-2016,10:06:50 07-24-2016,,93
203,06:24:42 07-24-2016,07:20:02 07-24-2016,,55
202,05:07:23 07-24-2016,05:49:07 07-24-2016,,41
201,01:12:31 07-24-2016,03:33:47 07-24-2016,,141
200,21:25:42 07-23-2016,00:55:43 07-24-2016,Baby Bjorn until 9:40,210
199,20:49:18 07-23-2016,20:54:07 07-23-2016,,4
198,15:14:07 07-23-2016,15:57:01 07-23-2016,,42
197,13:10:31 07-23-2016,14:00:47 07-23-2016,Stroller,50
196,11:41:26 07-23-2016,12:20:29 07-23-2016,Stroller,39
195,09:22:04 07-23-2016,10:16:15 07-23-2016,Daddy's arms,54
194,06:43:15 07-23-2016,08:25:08 07-23-2016,,101
193,02:57:58 07-23-2016,05:23:48 07-23-2016,,145
192,23:25:22 07-22-2016,02:21:11 07-23-2016,,175
191,22:44:10 07-22-2016,23:17:32 07-22-2016,Daddy Baby Bjorn,33
190,19:34:49 07-22-2016,19:53:48 07-22-2016,,18
189,16:57:08 07-22-2016,17:35:57 07-22-2016,,38
188,15:21:02 07-22-2016,15:53:57 07-22-2016,,32
187,11:07:28 07-22-2016,13:06:36 07-22-2016,Stroller,119
186,09:11:24 07-22-2016,09:55:12 07-22-2016,,43
185,06:46:39 07-22-2016,07:37:39 07-22-2016,,50
184,05:08:21 07-22-2016,05:59:40 07-22-2016,,51
183,02:21:29 07-22-2016,04:23:28 07-22-2016,,121
182,22:51:41 07-21-2016,01:33:16 07-22-2016,,161
181,21:50:49 07-21-2016,22:26:38 07-21-2016,,35
180,19:48:22 07-21-2016,21:26:37 07-21-2016,,98
179,16:06:25 07-21-2016,16:36:02 07-21-2016,,29
178,15:47:26 07-21-2016,15:49:40 07-21-2016,,2
176,13:55:27 07-21-2016,15:15:47 07-21-2016,Stroller / car seat,80
175,12:37:53 07-21-2016,13:17:57 07-21-2016,Stroller,40
174,11:35:00 07-21-2016,12:27:29 07-21-2016,Stroller,52
173,11:18:37 07-21-2016,11:31:01 07-21-2016,,12
172,09:47:29 07-21-2016,10:09:51 07-21-2016,,22
171,06:50:46 07-21-2016,08:28:46 07-21-2016,Daddy's tummy,98
170,02:06:25 07-21-2016,05:12:31 07-21-2016,,186
169,21:43:02 07-20-2016,01:17:13 07-21-2016,,214
168,21:32:06 07-20-2016,21:36:28 07-20-2016,,4
167,20:12:32 07-20-2016,20:25:30 07-20-2016,,12
166,18:19:43 07-20-2016,18:48:37 07-20-2016,Bouncing chair,28
165,16:41:46 07-20-2016,17:09:44 07-20-2016,,27
164,12:50:15 07-20-2016,13:25:12 07-20-2016,,34
163,08:55:52 07-20-2016,10:22:10 07-20-2016,,86
162,07:22:15 07-20-2016,07:50:11 07-20-2016,,27
161,03:15:36 07-20-2016,05:46:18 07-20-2016,,150
160,01:10:03 07-20-2016,02:13:50 07-20-2016,,63
159,22:00:46 07-19-2016,00:44:06 07-20-2016,,163
158,19:55:01 07-19-2016,20:52:36 07-19-2016,Daddy in Baby Bjorn,57
157,18:12:35 07-19-2016,18:50:15 07-19-2016,,37
156,15:15:17 07-19-2016,17:12:06 07-19-2016,,116
155,12:56:25 07-19-2016,13:41:05 07-19-2016,,44
154,10:10:57 07-19-2016,10:57:37 07-19-2016,,46
153,07:43:48 07-19-2016,09:00:11 07-19-2016,,76
152,06:03:47 07-19-2016,06:46:56 07-19-2016,,43
151,04:03:19 07-19-2016,05:09:49 07-19-2016,,66
150,23:25:41 07-18-2016,03:11:04 07-19-2016,,225
149,22:35:02 07-18-2016,22:53:52 07-18-2016,,18
148,22:29:18 07-18-2016,22:31:05 07-18-2016,,1
147,21:15:33 07-18-2016,21:32:22 07-18-2016,,16
146,18:57:48 07-18-2016,19:37:56 07-18-2016,,40
145,14:40:03 07-18-2016,15:54:12 07-18-2016,,74
144,12:00:16 07-18-2016,14:09:07 07-18-2016,,128
143,09:55:25 07-18-2016,11:08:57 07-18-2016,,73
142,06:04:02 07-18-2016,08:41:27 07-18-2016,,157
141,02:50:10 07-18-2016,05:14:29 07-18-2016,,144
140,23:15:06 07-17-2016,01:49:03 07-18-2016,,153
139,22:02:15 07-17-2016,22:17:43 07-17-2016,,15
137,17:35:56 07-17-2016,18:16:44 07-17-2016,,40
136,14:54:49 07-17-2016,15:49:22 07-17-2016,,54
135,12:38:30 07-17-2016,13:24:55 07-17-2016,,46
134,10:53:00 07-17-2016,11:49:55 07-17-2016,,56
133,08:42:12 07-17-2016,09:59:44 07-17-2016,,77
132,07:07:53 07-17-2016,07:54:00 07-17-2016,,46
131,05:03:06 07-17-2016,05:58:14 07-17-2016,,55
130,02:39:58 07-17-2016,04:29:17 07-17-2016,,109
129,22:22:16 07-16-2016,01:42:08 07-17-2016,,199
128,21:05:18 07-16-2016,21:18:18 07-16-2016,,13
127,19:35:19 07-16-2016,19:40:59 07-16-2016,,5
125,13:36:00 07-16-2016,14:27:59 07-16-2016,Auntie Rhea,51
124,10:54:29 07-16-2016,12:17:47 07-16-2016,Stroller,83
123,08:48:18 07-16-2016,10:04:45 07-16-2016,Daddy Baby Bjorn,76
122,06:49:31 07-16-2016,07:53:07 07-16-2016,,63
121,03:35:08 07-16-2016,05:42:50 07-16-2016,,127
120,00:21:01 07-16-2016,02:34:21 07-16-2016,,133
119,20:06:02 07-15-2016,23:54:33 07-15-2016,,228
118,16:48:04 07-15-2016,17:44:31 07-15-2016,,56
117,15:49:39 07-15-2016,16:12:43 07-15-2016,,23
116,14:00:35 07-15-2016,14:57:21 07-15-2016,,56
115,12:00:33 07-15-2016,12:30:38 07-15-2016,,30
114,10:03:42 07-15-2016,10:40:45 07-15-2016,,37
113,07:49:54 07-15-2016,08:31:14 07-15-2016,,41
112,05:56:30 07-15-2016,06:52:56 07-15-2016,,56
111,03:00:15 07-15-2016,04:43:03 07-15-2016,,102
110,00:52:46 07-15-2016,02:02:44 07-15-2016,,69
109,22:28:08 07-14-2016,00:12:35 07-15-2016,,104
108,19:31:57 07-14-2016,21:28:12 07-14-2016,,116
107,15:39:12 07-14-2016,18:33:18 07-14-2016,,174
106,14:05:46 07-14-2016,14:29:29 07-14-2016,,23
105,11:47:25 07-14-2016,12:14:59 07-14-2016,,27
104,09:15:17 07-14-2016,09:40:23 07-14-2016,,25
103,07:50:20 07-14-2016,08:04:13 07-14-2016,,13
102,05:15:27 07-14-2016,06:19:03 07-14-2016,,63
101,01:59:10 07-14-2016,03:53:45 07-14-2016,,114
100,23:25:52 07-13-2016,01:29:57 07-14-2016,,124
99,20:11:16 07-13-2016,22:36:25 07-13-2016,,145
98,19:04:43 07-13-2016,19:12:50 07-13-2016,,8
97,15:13:08 07-13-2016,17:40:59 07-13-2016,,147
96,11:42:11 07-13-2016,13:40:13 07-13-2016,,118
95,09:40:02 07-13-2016,10:00:06 07-13-2016,,20
94,07:31:11 07-13-2016,07:41:37 07-13-2016,In bouncy chair. Woke after I moved her to bassinet.,10
93,05:27:44 07-13-2016,06:22:59 07-13-2016,,55
92,02:51:29 07-13-2016,04:12:44 07-13-2016,,81
91,00:54:49 07-13-2016,01:53:44 07-13-2016,,58
90,20:53:38 07-12-2016,00:14:11 07-13-2016,,200
89,19:17:31 07-12-2016,19:48:05 07-12-2016,,30
88,17:24:49 07-12-2016,18:24:22 07-12-2016,,59
87,14:06:20 07-12-2016,16:01:12 07-12-2016,,114
86,12:39:31 07-12-2016,13:16:35 07-12-2016,,37
85,09:05:16 07-12-2016,09:49:22 07-12-2016,,44
84,06:59:01 07-12-2016,08:01:31 07-12-2016,Restless and noisy ,62
83,04:36:42 07-12-2016,06:12:43 07-12-2016,,96
82,02:39:46 07-12-2016,03:38:03 07-12-2016,,58
81,23:32:01 07-11-2016,01:25:27 07-12-2016,,113
80,21:16:11 07-11-2016,22:54:28 07-11-2016,,98
79,18:25:50 07-11-2016,20:00:07 07-11-2016,,94
78,15:11:22 07-11-2016,17:55:03 07-11-2016,,163
77,12:52:49 07-11-2016,13:46:19 07-11-2016,,53
76,10:27:45 07-11-2016,10:50:31 07-11-2016,,22
75,07:51:53 07-11-2016,09:12:51 07-11-2016,,80
74,05:58:45 07-11-2016,07:03:21 07-11-2016,,64
73,03:41:31 07-11-2016,05:12:08 07-11-2016,,90
72,00:31:55 07-11-2016,02:32:06 07-11-2016,,120
71,21:05:56 07-10-2016,23:43:11 07-10-2016,,157
70,17:31:05 07-10-2016,20:26:26 07-10-2016,,175
69,14:39:57 07-10-2016,14:57:22 07-10-2016,,17
68,12:44:21 07-10-2016,13:26:43 07-10-2016,,42
67,11:53:42 07-10-2016,12:27:40 07-10-2016,First 15 in car seat,33
66,10:05:56 07-10-2016,10:54:00 07-10-2016,In stroller ,48
65,07:32:04 07-10-2016,08:51:51 07-10-2016,Moby wrap with Daddy ,79
64,02:45:24 07-10-2016,05:30:39 07-10-2016,,165
63,00:18:16 07-10-2016,01:21:07 07-10-2016,,62
62,21:56:21 07-09-2016,23:27:00 07-09-2016,,90
61,18:45:14 07-09-2016,21:36:29 07-09-2016,,171
60,15:46:35 07-09-2016,17:33:00 07-09-2016,,106
59,14:29:16 07-09-2016,14:45:46 07-09-2016,,16
58,12:10:56 07-09-2016,13:09:52 07-09-2016,,58
57,10:20:56 07-09-2016,10:45:49 07-09-2016,,24
56,06:49:03 07-09-2016,08:36:39 07-09-2016,,107
55,05:41:47 07-09-2016,06:23:57 07-09-2016,,42
54,01:35:40 07-09-2016,04:30:46 07-09-2016,,175
53,00:25:47 07-09-2016,00:40:59 07-09-2016,,15
51,20:43:08 07-08-2016,22:14:15 07-08-2016,,91
50,17:40:24 07-08-2016,19:38:11 07-08-2016,,117
49,15:00:57 07-08-2016,16:30:57 07-08-2016,,90
48,13:00:14 07-08-2016,13:45:14 07-08-2016,,45
47,10:53:09 07-08-2016,11:44:33 07-08-2016,,51
46,07:30:46 07-08-2016,09:46:40 07-08-2016,,135
45,04:46:35 07-08-2016,06:47:02 07-08-2016,,120
44,04:25:53 07-08-2016,04:36:05 07-08-2016,,10
43,23:15:43 07-07-2016,02:25:46 07-08-2016,,190
41,21:17:54 07-07-2016,22:19:49 07-07-2016,,61
40,18:30:50 07-07-2016,19:14:04 07-07-2016,,43
39,15:30:49 07-07-2016,17:39:01 07-07-2016,,128
38,13:25:38 07-07-2016,14:15:43 07-07-2016,,50
37,10:50:20 07-07-2016,11:30:47 07-07-2016,In cat seat,40
36,09:42:16 07-07-2016,10:06:32 07-07-2016,Car seat,24
35,06:15:01 07-07-2016,08:30:42 07-07-2016,,135
34,03:00:00 07-07-2016,05:30:00 07-07-2016,,150
33,01:00:57 07-07-2016,01:20:57 07-07-2016,,20
32,21:00:09 07-06-2016,00:15:11 07-07-2016,,195
31,19:35:41 07-06-2016,20:00:15 07-06-2016,,24
30,17:08:57 07-06-2016,18:00:25 07-06-2016,In stroller ,51
29,14:50:35 07-06-2016,15:30:41 07-06-2016,,40
28,12:30:36 07-06-2016,13:11:05 07-06-2016,,40
27,10:15:08 07-06-2016,12:00:13 07-06-2016,,105
26,08:15:01 07-06-2016,09:10:56 07-06-2016,,55
25,04:45:42 07-06-2016,07:15:42 07-06-2016,,150
24,02:00:08 07-06-2016,04:00:08 07-06-2016,,120
23,23:00:36 07-05-2016,01:30:36 07-06-2016,,150
22,20:00:41 07-05-2016,21:25:41 07-05-2016,,85
21,18:00:53 07-05-2016,18:40:46 07-05-2016,,39
19,15:30:29 07-05-2016,16:30:45 07-05-2016,,60
20,14:30:22 07-05-2016,15:20:22 07-05-2016,,50
18,10:00:39 07-05-2016,11:00:39 07-05-2016,,60
17,07:47:30 07-05-2016,09:28:32 07-05-2016,,101
14,06:30:40 07-05-2016,06:55:40 07-05-2016,,25
16,02:30:17 07-05-2016,04:30:17 07-05-2016,,120
15,22:30:41 07-04-2016,01:30:41 07-05-2016,,180
13,10:23:52 07-04-2016,11:39:58 07-04-2016,,76
12,04:30:49 07-04-2016,06:55:49 07-04-2016,,145
11,02:00:32 07-04-2016,03:50:32 07-04-2016,,110
10,21:15:41 07-03-2016,00:45:54 07-04-2016,,210
9,00:05:57 07-03-2016,02:55:57 07-03-2016,,170
8,10:45:42 07-02-2016,12:15:42 07-02-2016,,90
7,09:25:13 07-01-2016,10:40:13 07-01-2016,,75
6,02:20:43 07-01-2016,04:15:43 07-01-2016,,115
5,15:05:55 06-30-2016,15:54:55 06-30-2016,,49
4,13:30:47 06-30-2016,14:18:47 06-30-2016,,48
3,02:53:39 06-30-2016,05:45:30 06-30-2016,,171
2,21:48:10 06-29-2016,22:06:33 06-29-2016,,18
1,20:48:51 06-29-2016,21:45:26 06-29-2016,,56
